record_type,movement_date,booking_date,check_in,check_out,nights,unit_id,currency,net_amount,service_fee,quick_pay_fee,cleaning_fee,gross_income,lodging_tax,income_year,booking_lead_days
reservation,2026-02-02,2026-01-20,2026-01-20,2026-01-21,1.0,room_a,USD,117.86,4.14,,20.0,122.0,0.0,2026.0,0.0
reservation,2026-02-02,2026-01-16,2026-01-21,2026-01-22,1.0,room_b,USD,164.24,5.76,,20.0,170.0,0.0,2026.0,5.0
reservation,2026-02-02,2026-01-09,2026-01-24,2026-01-25,1.0,room_b,USD,202.88,7.12,,20.0,210.0,0.0,2026.0,15.0
reservation,2026-02-02,2026-01-16,2026-01-24,2026-01-25,1.0,room_a,USD,173.9,6.1,,20.0,180.0,0.0,2026.0,8.0
reservation,2026-02-02,2026-01-08,2026-01-30,2026-01-31,1.0,room_a,USD,173.9,6.1,,20.0,180.0,0.0,2026.0,22.0
reservation,2026-02-02,2026-01-18,2026-01-30,2026-01-31,1.0,room_b,USD,202.88,7.12,,20.0,210.0,0.0,2026.0,12.0
reservation,2026-01-19,2025-12-29,2026-01-09,2026-01-11,2.0,room_a,USD,357.46,12.54,,20.0,370.0,0.0,2026.0,11.0
reservation,2026-01-19,2026-01-11,2026-01-11,2026-01-12,1.0,room_a,USD,126.07,4.43,,20.0,130.5,0.0,2026.0,0.0
reservation,2026-01-19,2026-01-02,2026-01-12,2026-01-13,1.0,room_a,USD,135.25,4.75,,20.0,140.0,0.0,2026.0,10.0
reservation,2026-01-19,2025-09-25,2026-01-17,2026-01-19,2.0,room_a,USD,299.49,10.51,,20.0,310.0,0.0,2026.0,114.0
reservation,2026-01-19,2025-12-31,2026-01-17,2026-01-18,1.0,room_b,USD,202.88,7.12,,20.0,210.0,0.0,2026.0,17.0
resolution_payment,2026-01-05,,2025-12-30,2025-12-31,1.0,room_b,USD,150.0,,,,150.0,,2026.0,
reservation,2026-01-05,2025-12-02,2025-12-30,2025-12-31,1.0,room_b,USD,212.54,7.46,,20.0,220.0,0.0,2026.0,28.0
reservation,2026-01-05,2025-12-29,2025-12-30,2025-12-31,1.0,room_a,USD,142.49,5.01,,20.0,147.5,0.0,2026.0,1.0
reservation,2026-01-05,2025-10-12,2025-12-31,2026-01-01,1.0,room_a,USD,202.88,7.12,,20.0,210.0,0.0,2026.0,80.0
reservation,2026-01-05,2025-12-04,2025-12-31,2026-01-01,1.0,room_b,USD,232.83,8.17,,20.0,241.0,0.0,2026.0,27.0
reservation,2026-01-05,2025-12-28,2026-01-01,2026-01-02,1.0,room_b,USD,232.83,8.17,,20.0,241.0,0.0,2026.0,4.0
reservation,2025-12-31,2025-12-07,2025-12-21,2025-12-22,1.0,room_a,USD,193.22,6.78,,20.0,200.0,0.0,2025.0,14.0
reservation,2025-12-31,2025-12-13,2025-12-21,2025-12-22,1.0,room_b,USD,193.22,6.78,,20.0,200.0,0.0,2025.0,8.0
resolution_payment,2025-12-31,,2025-12-21,2025-12-22,1.0,room_b,USD,50.0,,,,50.0,,2025.0,
reservation,2025-12-31,2025-12-17,2025-12-26,2025-12-27,1.0,room_b,USD,212.54,7.46,,20.0,220.0,0.0,2025.0,9.0
reservation,2025-12-31,2025-12-23,2025-12-26,2025-12-27,1.0,room_a,USD,212.54,7.46,,20.0,220.0,0.0,2025.0,3.0
reservation,2025-12-31,2025-12-14,2025-12-27,2025-12-28,1.0,room_b,USD,212.54,7.46,,20.0,220.0,0.0,2025.0,13.0
reservation,2025-12-31,2025-12-12,2025-12-29,2025-12-30,1.0,room_b,USD,193.22,6.78,,20.0,200.0,0.0,2025.0,17.0
reservation,2025-12-22,2025-12-08,2025-12-11,2025-12-12,1.0,room_b,USD,193.22,6.78,,20.0,200.0,0.0,2025.0,3.0
reservation,2025-12-22,2025-10-28,2025-12-13,2025-12-14,1.0,room_a,USD,202.88,7.12,,20.0,210.0,0.0,2025.0,46.0
reservation,2025-12-22,2025-12-12,2025-12-13,2025-12-15,2.0,room_b,USD,396.1,13.9,,20.0,410.0,0.0,2025.0,1.0
reservation,2025-12-22,2025-11-29,2025-12-20,2025-12-21,1.0,room_a,USD,212.54,7.46,,20.0,220.0,0.0,2025.0,21.0
reservation,2025-12-22,2025-12-11,2025-12-20,2025-12-21,1.0,room_b,USD,212.54,7.46,,20.0,220.0,0.0,2025.0,9.0
reservation,2025-12-10,2025-11-27,2025-11-30,2025-12-01,1.0,room_b,USD,169.07,5.93,,20.0,175.0,0.0,2025.0,3.0
reservation,2025-12-10,2025-11-08,2025-12-02,2025-12-03,1.0,room_b,USD,193.22,6.78,,20.0,200.0,0.0,2025.0,24.0
reservation,2025-12-10,2025-12-05,2025-12-05,2025-12-06,1.0,room_a,USD,175.83,6.17,,20.0,182.0,0.0,2025.0,0.0
reservation,2025-12-10,2025-11-30,2025-12-06,2025-12-07,1.0,room_b,USD,212.54,7.46,,20.0,220.0,0.0,2025.0,6.0
reservation,2025-12-10,2025-12-05,2025-12-06,2025-12-07,1.0,room_a,USD,175.34,6.16,,20.0,181.5,0.0,2025.0,1.0
reservation,2025-12-10,2025-11-30,2025-12-08,2025-12-10,2.0,room_a,USD,347.8,12.2,,20.0,360.0,0.0,2025.0,8.0
reservation,2025-12-01,2025-11-21,2025-11-23,2025-11-25,2.0,room_b,USD,313.98,11.02,,20.0,325.0,0.0,2025.0,2.0
reservation,2025-12-01,2025-11-16,2025-11-28,2025-11-29,1.0,room_b,USD,202.88,7.12,,20.0,210.0,0.0,2025.0,12.0
resolution_payment,2025-12-01,,2025-11-29,2025-12-01,2.0,room_a,USD,50.0,,,,50.0,,2025.0,
reservation,2025-12-01,2025-11-04,2025-11-29,2025-12-01,2.0,room_a,USD,299.49,10.51,,20.0,310.0,0.0,2025.0,25.0
reservation,2025-12-01,2025-11-21,2025-11-29,2025-11-30,1.0,room_b,USD,202.88,7.12,,20.0,210.0,0.0,2025.0,8.0
reservation,2025-11-24,2025-11-08,2025-11-16,2025-11-17,1.0,room_b,USD,149.75,5.25,,20.0,155.0,0.0,2025.0,8.0
resolution_payment,2025-11-24,,2025-11-16,2025-11-17,1.0,room_b,USD,50.0,,,,50.0,,2025.0,
reservation,2025-11-24,2025-11-18,2025-11-20,2025-11-22,2.0,room_a,USD,289.83,10.17,,20.0,300.0,0.0,2025.0,2.0
reservation,2025-11-24,2025-11-06,2025-11-21,2025-11-22,1.0,room_b,USD,202.88,7.12,,20.0,210.0,0.0,2025.0,15.0
reservation,2025-11-24,2025-11-12,2025-11-22,2025-11-23,1.0,room_a,USD,173.9,6.1,,20.0,180.0,0.0,2025.0,10.0
reservation,2025-11-24,2025-11-17,2025-11-22,2025-11-23,1.0,room_b,USD,202.88,7.12,,20.0,210.0,0.0,2025.0,5.0
reservation,2025-11-17,2025-11-06,2025-11-09,2025-11-10,1.0,room_b,USD,130.42,4.58,,20.0,135.0,0.0,2025.0,3.0
reservation,2025-11-17,2025-10-14,2025-11-12,2025-11-14,2.0,room_b,USD,270.51,9.49,,20.0,280.0,0.0,2025.0,29.0
reservation,2025-11-17,2025-11-08,2025-11-12,2025-11-14,2.0,room_a,USD,115.93,4.07,,20.0,120.0,0.0,2025.0,4.0
reservation,2025-11-17,2025-11-11,2025-11-14,2025-11-16,2.0,room_b,USD,386.44,13.56,,20.0,400.0,0.0,2025.0,3.0
reservation,2025-11-17,2025-11-06,2025-11-15,2025-11-16,1.0,room_a,USD,173.9,6.1,,20.0,180.0,0.0,2025.0,9.0
reservation,2025-11-10,2025-10-30,2025-10-31,2025-11-01,1.0,room_a,USD,138.39,4.86,,20.0,143.25,0.0,2025.0,1.0
reservation,2025-11-10,2025-10-31,2025-10-31,2025-11-01,1.0,room_b,USD,173.9,6.1,,20.0,180.0,0.0,2025.0,0.0
reservation,2025-11-10,2025-10-09,2025-11-01,2025-11-02,1.0,room_a,USD,173.9,6.1,,20.0,180.0,0.0,2025.0,23.0
reservation,2025-11-10,2025-10-28,2025-11-07,2025-11-08,1.0,room_a,USD,173.9,6.1,,20.0,180.0,0.0,2025.0,10.0
reservation,2025-11-10,2025-10-28,2025-11-07,2025-11-08,1.0,room_b,USD,202.88,7.12,,20.0,210.0,0.0,2025.0,10.0
reservation,2025-11-10,2025-10-29,2025-11-08,2025-11-09,1.0,room_a,USD,173.9,6.1,,20.0,180.0,0.0,2025.0,10.0
reservation,2025-11-10,2025-11-06,2025-11-08,2025-11-09,1.0,room_b,USD,202.88,7.12,,20.0,210.0,0.0,2025.0,2.0
reservation,2025-10-31,2025-10-11,2025-10-12,2025-10-13,1.0,room_a,USD,117.86,4.14,,20.0,122.0,0.0,2025.0,1.0
reservation,2025-10-31,2025-09-17,2025-10-15,2025-10-16,1.0,room_a,USD,125.59,4.41,,20.0,130.0,0.0,2025.0,28.0
reservation,2025-10-31,2025-10-04,2025-10-18,2025-10-19,1.0,room_b,USD,173.9,6.1,,20.0,180.0,0.0,2025.0,14.0
reservation,2025-10-31,2025-10-05,2025-10-18,2025-10-19,1.0,room_a,USD,159.41,5.59,,20.0,165.0,0.0,2025.0,13.0
reservation,2025-10-31,2025-10-16,2025-10-19,2025-10-20,1.0,room_a,USD,135.25,4.75,,20.0,140.0,0.0,2025.0,3.0
reservation,2025-10-31,2025-10-20,2025-10-20,2025-10-21,1.0,room_b,USD,144.92,5.08,,20.0,150.0,0.0,2025.0,0.0
reservation,2025-10-31,2025-10-02,2025-10-25,2025-10-26,1.0,room_b,USD,173.9,6.1,,20.0,180.0,0.0,2025.0,23.0
resolution_payment,2025-10-31,,2025-10-29,2025-10-31,2.0,room_b,USD,40.0,,,,40.0,,2025.0,
reservation,2025-10-31,2025-10-16,2025-10-29,2025-10-31,2.0,room_b,USD,270.51,9.49,,20.0,280.0,0.0,2025.0,13.0
reservation,2025-10-13,2025-09-10,2025-09-13,2025-09-14,1.0,room_a,USD,125.59,4.41,,0.0,130.0,0.0,2025.0,3.0
reservation,2025-10-13,2025-09-16,2025-09-25,2025-09-27,2.0,room_a,USD,265.68,9.32,,20.0,275.0,0.0,2025.0,9.0
reservation,2025-10-13,2025-09-17,2025-09-27,2025-09-28,1.0,room_a,USD,159.41,5.59,,20.0,165.0,0.0,2025.0,10.0
reservation,2025-10-13,2025-09-14,2025-10-03,2025-10-04,1.0,room_b,USD,173.9,6.1,,20.0,180.0,0.0,2025.0,19.0
reservation,2025-10-13,2025-09-09,2025-10-04,2025-10-05,1.0,room_b,USD,159.41,5.59,,20.0,165.0,0.0,2025.0,25.0
reservation,2025-10-13,2025-09-24,2025-10-04,2025-10-05,1.0,room_a,USD,159.41,5.59,,20.0,165.0,0.0,2025.0,10.0
reservation,2025-10-13,2025-09-24,2025-10-05,2025-10-06,1.0,room_b,USD,159.41,5.59,,20.0,165.0,0.0,2025.0,11.0
reservation,2025-10-13,2025-10-01,2025-10-06,2025-10-07,1.0,room_a,USD,82.12,2.88,,20.0,85.0,0.0,2025.0,5.0
reservation,2025-10-13,2025-10-10,2025-10-10,2025-10-12,2.0,room_b,USD,328.47,11.53,,20.0,340.0,0.0,2025.0,0.0
reservation,2025-08-08,2025-06-30,2025-07-31,2025-08-01,1.0,room_b,CRC,57967.82,2032.18,,0.0,60000.0,0.0,2025.0,31.0
reservation,2025-08-08,2025-06-22,2025-08-02,2025-08-03,1.0,room_b,CRC,86946.56,3053.44,,0.0,90000.0,0.0,2025.0,41.0
reservation,2025-07-30,2025-06-29,2025-07-16,2025-07-17,1.0,room_b,CRC,57967.93,2032.07,,0.0,60000.0,0.0,2025.0,17.0
reservation,2025-07-30,2025-06-19,2025-07-18,2025-07-19,1.0,room_a,CRC,67627.39,2372.61,,0.0,70000.0,0.0,2025.0,29.0
reservation,2025-07-30,2025-06-26,2025-07-19,2025-07-20,1.0,room_b,CRC,77286.85,2713.15,,0.0,80000.0,0.0,2025.0,23.0
reservation,2025-07-30,2025-06-30,2025-07-20,2025-07-21,1.0,room_b,CRC,67627.0,2373.0,,0.0,70000.0,0.0,2025.0,20.0
reservation,2025-07-30,2025-07-07,2025-07-24,2025-07-25,1.0,room_a,CRC,57967.67,2032.33,,0.0,60000.0,0.0,2025.0,17.0
reservation,2025-07-30,2025-07-03,2025-07-25,2025-07-26,1.0,room_b,CRC,77286.99,2713.01,,0.0,80000.0,0.0,2025.0,22.0
reservation,2025-07-30,2025-06-19,2025-07-26,2025-07-27,1.0,room_a,CRC,67627.0,2373.0,,0.0,70000.0,0.0,2025.0,37.0
reservation,2025-07-30,2025-06-26,2025-07-28,2025-07-30,2.0,room_b,CRC,115930.96,4069.04,,0.0,120000.0,0.0,2025.0,32.0
reservation,2025-07-17,2025-07-01,2025-07-07,2025-07-08,1.0,room_b,CRC,57966.0,2034.0,,0.0,60000.0,0.0,2025.0,6.0
reservation,2025-07-17,2025-06-13,2025-07-08,2025-07-09,1.0,room_a,CRC,57966.0,2034.0,,0.0,60000.0,0.0,2025.0,25.0
reservation,2025-07-17,2025-06-26,2025-07-09,2025-07-11,2.0,room_b,CRC,115928.73,4071.27,,0.0,120000.0,0.0,2025.0,13.0
reservation,2025-07-17,2025-06-06,2025-07-11,2025-07-13,2.0,room_a,CRC,135254.0,4746.0,,0.0,140000.0,0.0,2025.0,35.0
reservation,2025-07-17,2025-06-25,2025-07-12,2025-07-13,1.0,room_b,CRC,77288.0,2712.0,,0.0,80000.0,0.0,2025.0,17.0
reservation,2025-07-17,2025-06-29,2025-07-13,2025-07-14,1.0,room_a,CRC,57967.16,2032.84,,0.0,60000.0,0.0,2025.0,14.0
reservation,2025-07-17,2025-07-05,2025-07-15,2025-07-16,1.0,room_b,CRC,57966.0,2034.0,,0.0,60000.0,0.0,2025.0,10.0
reservation,2025-07-08,2025-07-01,2025-07-02,2025-07-03,1.0,room_b,CRC,57966.0,2034.0,,0.0,60000.0,0.0,2025.0,1.0
reservation,2025-07-08,2025-06-30,2025-07-03,2025-07-04,1.0,room_b,CRC,57966.0,2034.0,,0.0,60000.0,0.0,2025.0,3.0
reservation,2025-07-08,2025-06-08,2025-07-04,2025-07-05,1.0,room_b,CRC,77288.0,2712.0,,0.0,80000.0,0.0,2025.0,26.0
reservation,2025-07-08,2025-06-25,2025-07-04,2025-07-06,2.0,room_a,CRC,135253.9,4746.1,,0.0,140000.0,0.0,2025.0,9.0
reservation,2025-07-08,2025-06-25,2025-07-05,2025-07-06,1.0,room_b,CRC,77288.0,2712.0,,0.0,80000.0,0.0,2025.0,10.0
reservation,2025-07-08,2025-06-23,2025-07-06,2025-07-07,1.0,room_a,CRC,57967.74,2032.26,,0.0,60000.0,0.0,2025.0,13.0
reservation,2025-06-30,2025-06-11,2025-06-16,2025-06-17,1.0,room_a,CRC,57966.0,2034.0,,0.0,60000.0,0.0,2025.0,5.0
reservation,2025-06-30,2025-06-14,2025-06-19,2025-06-20,1.0,room_a,CRC,57966.0,2034.0,,0.0,60000.0,0.0,2025.0,5.0
reservation,2025-06-30,2025-06-05,2025-06-20,2025-06-21,1.0,room_a,CRC,67627.0,2373.0,,0.0,70000.0,0.0,2025.0,15.0
reservation,2025-06-30,2025-06-16,2025-06-21,2025-06-22,1.0,room_a,CRC,67627.02,2372.98,,0.0,70000.0,0.0,2025.0,5.0
reservation,2025-06-30,2025-06-18,2025-06-21,2025-06-22,1.0,room_b,CRC,77287.32,2712.68,,0.0,80000.0,0.0,2025.0,3.0
reservation,2025-06-30,2025-06-04,2025-06-27,2025-06-28,1.0,room_a,CRC,67627.0,2373.0,,0.0,70000.0,0.0,2025.0,23.0
reservation,2025-06-30,2025-05-27,2025-06-28,2025-06-29,1.0,room_a,CRC,67625.47,2374.53,,0.0,70000.0,0.0,2025.0,32.0
reservation,2025-06-30,2025-05-31,2025-06-28,2025-06-29,1.0,room_b,CRC,82120.05,2879.95,,0.0,85000.0,0.0,2025.0,28.0
reservation,2025-06-16,2025-05-27,2025-05-31,2025-06-01,1.0,room_a,CRC,67627.0,2373.0,,0.0,70000.0,0.0,2025.0,4.0
reservation,2025-06-16,2025-05-27,2025-05-31,2025-06-01,1.0,room_b,CRC,82118.5,2881.5,,0.0,85000.0,0.0,2025.0,4.0
reservation,2025-06-16,2025-05-20,2025-06-07,2025-06-08,1.0,room_a,CRC,84050.7,2949.3,,0.0,87000.0,0.0,2025.0,18.0
reservation,2025-06-16,2025-05-26,2025-06-07,2025-06-08,1.0,room_b,CRC,82119.54,2880.46,,0.0,85000.0,0.0,2025.0,12.0
reservation,2025-06-16,2025-06-10,2025-06-11,2025-06-12,1.0,room_a,CRC,57966.0,2034.0,,0.0,60000.0,0.0,2025.0,1.0
reservation,2025-06-16,2025-06-09,2025-06-14,2025-06-15,1.0,room_b,CRC,77288.0,2712.0,,0.0,80000.0,0.0,2025.0,5.0
reservation,2025-06-16,2025-06-12,2025-06-14,2025-06-15,1.0,room_a,CRC,67627.0,2373.0,,0.0,70000.0,0.0,2025.0,2.0
reservation,2025-06-02,2025-05-23,2025-05-25,2025-05-27,2.0,room_a,CRC,115932.4,4067.6,,0.0,120000.0,0.0,2025.0,2.0
reservation,2025-06-02,2025-05-24,2025-05-28,2025-05-29,1.0,room_a,CRC,57966.0,2034.0,,0.0,60000.0,0.0,2025.0,4.0
reservation,2025-06-02,2025-05-24,2025-05-29,2025-05-30,1.0,room_a,CRC,57966.0,2034.0,,0.0,60000.0,0.0,2025.0,5.0
reservation,2025-06-02,2025-05-29,2025-05-30,2025-05-31,1.0,room_b,CRC,82118.5,2881.5,,0.0,85000.0,0.0,2025.0,1.0
reservation,2025-05-26,2025-05-08,2025-05-17,2025-05-18,1.0,room_a,CRC,84049.78,2950.22,,0.0,87000.0,0.0,2025.0,9.0
reservation,2025-05-26,2025-05-02,2025-05-23,2025-05-24,1.0,room_b,CRC,96610.46,3389.54,,0.0,100000.0,0.0,2025.0,21.0
reservation,2025-05-26,2025-05-18,2025-05-24,2025-05-25,1.0,room_a,CRC,84050.7,2949.3,,0.0,87000.0,0.0,2025.0,6.0
reservation,2025-05-26,2025-05-22,2025-05-24,2025-05-25,1.0,room_b,CRC,82119.63,2880.37,,0.0,85000.0,0.0,2025.0,2.0
reservation,2025-05-12,2024-12-26,2025-04-30,2025-05-01,1.0,room_a,CRC,57968.63,2031.37,,0.0,60000.0,0.0,2025.0,125.0
reservation,2025-05-12,2025-04-13,2025-05-01,2025-05-03,2.0,room_b,CRC,183561.37,6438.63,,0.0,190000.0,0.0,2025.0,18.0
reservation,2025-05-12,2025-05-07,2025-05-07,2025-05-08,1.0,room_b,CRC,86949.0,3051.0,,0.0,90000.0,0.0,2025.0,0.0
reservation,2025-05-12,2025-05-06,2025-05-08,2025-05-10,2.0,room_b,CRC,183559.0,6441.0,,0.0,190000.0,0.0,2025.0,2.0
reservation,2025-05-12,2025-04-22,2025-05-10,2025-05-11,1.0,room_b,CRC,96610.0,3390.0,,0.0,100000.0,0.0,2025.0,18.0
reservation,2025-05-12,2025-05-05,2025-05-10,2025-05-11,1.0,room_a,CRC,96610.09,3389.91,,0.0,100000.0,0.0,2025.0,5.0
reservation,2025-04-29,2025-03-28,2025-04-20,2025-04-21,1.0,room_b,CRC,96608.71,3391.29,,0.0,100000.0,0.0,2025.0,23.0
reservation,2025-04-29,2025-04-10,2025-04-21,2025-04-22,1.0,room_b,CRC,86949.0,3051.0,,0.0,90000.0,0.0,2025.0,11.0
reservation,2025-04-29,2025-04-21,2025-04-22,2025-04-23,1.0,room_a,CRC,77288.04,2711.96,,0.0,80000.0,0.0,2025.0,1.0
reservation,2025-04-29,2025-04-11,2025-04-25,2025-04-26,1.0,room_b,CRC,96607.71,3392.29,,0.0,100000.0,0.0,2025.0,14.0
reservation,2025-04-29,2025-04-11,2025-04-26,2025-04-27,1.0,room_b,CRC,96607.71,3392.29,,0.0,100000.0,0.0,2025.0,15.0
reservation,2025-04-29,2025-04-16,2025-04-27,2025-04-28,1.0,room_b,CRC,96608.64,3391.36,,0.0,100000.0,0.0,2025.0,11.0
reservation,2025-04-21,2025-03-16,2025-04-16,2025-04-18,2.0,room_b,CRC,173898.0,6102.0,,0.0,180000.0,0.0,2025.0,31.0
reservation,2025-04-21,2025-04-14,2025-04-17,2025-04-18,1.0,room_a,CRC,96610.07,3389.93,,0.0,100000.0,0.0,2025.0,3.0
reservation,2025-04-21,2025-04-01,2025-04-18,2025-04-19,1.0,room_b,CRC,96610.0,3390.0,,0.0,100000.0,0.0,2025.0,17.0
reservation,2025-04-21,2025-04-13,2025-04-18,2025-04-19,1.0,room_a,CRC,96610.0,3390.0,,0.0,100000.0,0.0,2025.0,5.0
reservation,2025-04-21,2025-04-05,2025-04-19,2025-04-20,1.0,room_a,CRC,96610.0,3390.0,,0.0,100000.0,0.0,2025.0,14.0
reservation,2025-04-21,2025-04-11,2025-04-19,2025-04-20,1.0,room_b,CRC,96610.0,3390.0,,0.0,100000.0,0.0,2025.0,8.0
reservation,2025-04-16,2025-04-12,2025-04-14,2025-04-15,1.0,room_b,CRC,86949.0,3051.0,,0.0,90000.0,0.0,2025.0,2.0
reservation,2025-04-14,2025-04-02,2025-04-12,2025-04-13,1.0,room_b,CRC,96610.0,3390.0,,0.0,100000.0,0.0,2025.0,10.0
reservation,2025-04-14,2025-04-09,2025-04-12,2025-04-13,1.0,room_a,CRC,96610.71,3389.29,,0.0,100000.0,0.0,2025.0,3.0
reservation,2025-04-14,2025-04-09,2025-04-11,2025-04-12,1.0,room_a,CRC,96610.0,3390.0,,0.0,100000.0,0.0,2025.0,2.0
reservation,2025-04-14,2025-04-10,2025-04-11,2025-04-12,1.0,room_b,CRC,96607.71,3392.29,,0.0,100000.0,0.0,2025.0,1.0
reservation,2025-04-07,2025-04-01,2025-04-05,2025-04-06,1.0,room_b,CRC,96610.0,3390.0,,0.0,100000.0,0.0,2025.0,4.0
reservation,2025-04-04,2024-12-30,2025-04-02,2025-04-03,1.0,room_b,CRC,67626.51,2373.49,,0.0,70000.0,0.0,2025.0,93.0
reservation,2025-03-31,2025-02-01,2025-03-29,2025-03-30,1.0,room_b,CRC,77288.0,2712.0,,0.0,80000.0,0.0,2025.0,56.0
reservation,2025-03-31,2025-03-20,2025-03-29,2025-03-30,1.0,room_a,CRC,96610.94,3389.06,,0.0,100000.0,0.0,2025.0,9.0
reservation,2025-03-24,2025-03-16,2025-03-21,2025-03-23,2.0,room_a,CRC,193218.57,6781.43,,0.0,200000.0,0.0,2025.0,5.0
reservation,2025-03-24,2025-02-24,2025-03-22,2025-03-23,1.0,room_b,CRC,96610.0,3390.0,,0.0,100000.0,0.0,2025.0,26.0
reservation,2025-03-17,2025-01-19,2025-03-15,2025-03-16,1.0,room_b,CRC,77288.0,2712.0,,0.0,80000.0,0.0,2025.0,55.0
reservation,2025-03-17,2025-03-10,2025-03-15,2025-03-16,1.0,room_a,CRC,77288.0,2712.0,,0.0,80000.0,0.0,2025.0,5.0
reservation,2025-03-17,2025-03-10,2025-03-14,2025-03-15,1.0,room_b,CRC,77286.14,2713.86,,0.0,80000.0,0.0,2025.0,4.0
reservation,2025-03-11,2025-03-07,2025-03-09,2025-03-10,1.0,room_b,CRC,77288.0,2712.0,,0.0,80000.0,0.0,2025.0,2.0
reservation,2025-03-10,2025-01-22,2025-03-08,2025-03-09,1.0,room_a,CRC,77288.4,2711.6,,0.0,80000.0,0.0,2025.0,45.0
reservation,2025-03-10,2025-02-06,2025-03-08,2025-03-09,1.0,room_b,CRC,77290.04,2709.96,,0.0,80000.0,0.0,2025.0,30.0
reservation,2025-03-10,2025-01-13,2025-03-06,2025-03-07,1.0,room_a,CRC,57966.41,2033.59,,0.0,60000.0,0.0,2025.0,52.0
reservation,2025-03-06,2025-02-18,2025-03-04,2025-03-05,1.0,room_b,CRC,77288.0,2712.0,,0.0,80000.0,0.0,2025.0,14.0
reservation,2025-03-05,2025-02-06,2025-03-03,2025-03-04,1.0,room_b,CRC,67627.0,2373.0,,0.0,70000.0,0.0,2025.0,25.0
reservation,2025-03-03,2025-01-06,2025-02-28,2025-03-01,1.0,room_a,CRC,77288.0,2712.0,,0.0,80000.0,0.0,2025.0,53.0
reservation,2025-03-03,2025-01-24,2025-02-27,2025-02-28,1.0,room_b,CRC,67627.0,2373.0,,0.0,70000.0,0.0,2025.0,34.0
reservation,2025-02-25,2025-01-07,2025-02-23,2025-02-24,1.0,room_a,CRC,57966.15,2033.85,,0.0,60000.0,0.0,2025.0,47.0
reservation,2025-02-24,2024-11-18,2025-02-22,2025-02-23,1.0,room_b,CRC,77288.0,2712.0,,0.0,80000.0,0.0,2025.0,96.0
reservation,2025-02-24,2025-02-13,2025-02-22,2025-02-23,1.0,room_a,CRC,67627.0,2373.0,,0.0,70000.0,0.0,2025.0,9.0
reservation,2025-02-24,2025-01-29,2025-02-20,2025-02-21,1.0,room_b,CRC,67627.0,2373.0,,0.0,70000.0,0.0,2025.0,22.0
reservation,2025-02-18,2025-01-21,2025-02-16,2025-02-17,1.0,room_b,CRC,96610.0,3390.0,,0.0,100000.0,0.0,2025.0,26.0
reservation,2025-02-18,2025-02-09,2025-02-16,2025-02-17,1.0,room_a,CRC,96610.0,3390.0,,0.0,100000.0,0.0,2025.0,7.0
reservation,2025-02-17,2025-01-14,2025-02-15,2025-02-16,1.0,room_b,CRC,96610.0,3390.0,,0.0,100000.0,0.0,2025.0,32.0
reservation,2025-02-17,2025-01-14,2025-02-15,2025-02-16,1.0,room_a,CRC,96610.0,3390.0,,0.0,100000.0,0.0,2025.0,32.0
reservation,2025-02-17,2025-01-16,2025-02-14,2025-02-15,1.0,room_b,CRC,96610.0,3390.0,,0.0,100000.0,0.0,2025.0,29.0
reservation,2025-02-17,2025-01-18,2025-02-14,2025-02-15,1.0,room_a,CRC,96610.0,3390.0,,0.0,100000.0,0.0,2025.0,27.0
reservation,2025-02-17,2025-01-28,2025-02-13,2025-02-14,1.0,room_a,CRC,67627.0,2373.0,,0.0,70000.0,0.0,2025.0,16.0
reservation,2025-02-14,2024-12-29,2025-02-12,2025-02-14,2.0,room_b,CRC,135254.0,4746.0,,0.0,140000.0,0.0,2025.0,45.0
reservation,2025-02-12,2025-01-14,2025-02-10,2025-02-11,1.0,room_a,CRC,57966.0,2034.0,,0.0,60000.0,0.0,2025.0,27.0
reservation,2025-02-11,2025-01-29,2025-02-09,2025-02-10,1.0,room_a,CRC,57966.0,2034.0,,0.0,60000.0,0.0,2025.0,11.0
reservation,2025-02-10,2025-01-21,2025-02-08,2025-02-09,1.0,room_a,CRC,67627.0,2373.0,,0.0,70000.0,0.0,2025.0,18.0
reservation,2025-02-10,2025-01-26,2025-02-08,2025-02-09,1.0,room_b,CRC,77288.0,2712.0,,0.0,80000.0,0.0,2025.0,13.0
reservation,2025-02-10,2024-06-22,2025-02-07,2025-02-08,1.0,room_a,CRC,74387.72,2612.28,,0.0,77000.0,0.0,2025.0,230.0
reservation,2025-02-07,2025-01-17,2025-02-05,2025-02-06,1.0,room_b,CRC,67627.0,2373.0,,0.0,70000.0,0.0,2025.0,19.0
reservation,2025-02-04,2025-01-15,2025-02-02,2025-02-04,2.0,room_b,CRC,135251.54,4748.46,,0.0,140000.0,0.0,2025.0,18.0
reservation,2025-02-04,2025-01-24,2025-02-02,2025-02-04,2.0,room_a,CRC,125592.19,4407.81,,0.0,130000.0,0.0,2025.0,9.0
reservation,2025-02-03,2025-01-13,2025-02-01,2025-02-02,1.0,room_a,CRC,67627.0,2373.0,,0.0,70000.0,0.0,2025.0,19.0
reservation,2025-02-03,2025-01-14,2025-02-01,2025-02-02,1.0,room_b,CRC,77288.0,2712.0,,0.0,80000.0,0.0,2025.0,18.0
reservation,2025-02-03,2025-01-12,2025-01-30,2025-02-01,2.0,room_b,CRC,144917.24,5082.76,,0.0,150000.0,0.0,2025.0,18.0
reservation,2025-02-03,2025-01-22,2025-01-30,2025-01-31,1.0,room_a,CRC,57963.79,2036.21,,0.0,60000.0,0.0,2025.0,8.0
reservation,2025-01-28,2024-12-06,2025-01-26,2025-01-27,1.0,room_a,CRC,57966.65,2033.35,,0.0,60000.0,0.0,2025.0,51.0
reservation,2025-01-28,2025-01-14,2025-01-26,2025-01-27,1.0,room_b,CRC,67627.0,2373.0,,0.0,70000.0,0.0,2025.0,12.0
reservation,2025-01-27,2025-01-02,2025-01-25,2025-01-26,1.0,room_a,CRC,67627.0,2373.0,,0.0,70000.0,0.0,2025.0,23.0
reservation,2025-01-27,2025-01-04,2025-01-24,2025-01-25,1.0,room_a,CRC,67629.2,2370.8,,0.0,70000.0,0.0,2025.0,20.0
reservation,2025-01-27,2025-01-22,2025-01-24,2025-01-25,1.0,room_b,CRC,77288.0,2712.0,,0.0,80000.0,0.0,2025.0,2.0
reservation,2025-01-21,2025-01-15,2025-01-19,2025-01-20,1.0,room_a,CRC,57966.0,2034.0,,0.0,60000.0,0.0,2025.0,4.0
reservation,2025-01-20,2025-01-02,2025-01-18,2025-01-19,1.0,room_a,CRC,67627.0,2373.0,,0.0,70000.0,0.0,2025.0,16.0
reservation,2025-01-20,2025-01-07,2025-01-18,2025-01-19,1.0,room_b,CRC,77288.0,2712.0,,0.0,80000.0,0.0,2025.0,11.0
reservation,2025-01-20,2025-01-01,2025-01-17,2025-01-18,1.0,room_a,CRC,67627.0,2373.0,,0.0,70000.0,0.0,2025.0,16.0
reservation,2025-01-07,2025-01-02,2025-01-05,2025-01-06,1.0,room_b,CRC,67625.54,2374.46,,0.0,70000.0,0.0,2025.0,3.0
reservation,2025-01-07,2025-01-04,2025-01-05,2025-01-06,1.0,room_a,CRC,57968.14,2031.86,,0.0,60000.0,0.0,2025.0,1.0
reservation,2025-01-06,2024-12-15,2025-01-04,2025-01-05,1.0,room_a,CRC,67627.59,2372.41,,0.0,70000.0,0.0,2025.0,20.0
reservation,2025-01-06,2024-12-24,2025-01-04,2025-01-05,1.0,room_b,CRC,77288.0,2712.0,,0.0,80000.0,0.0,2025.0,11.0
reservation,2025-01-06,2024-11-29,2025-01-02,2025-01-03,1.0,room_b,CRC,72459.34,2540.66,,0.0,75000.0,0.0,2025.0,34.0
reservation,2025-01-06,2024-12-27,2025-01-03,2025-01-04,1.0,room_a,CRC,67627.0,2373.0,,0.0,70000.0,0.0,2025.0,7.0
reservation,2025-01-06,2024-12-29,2025-01-03,2025-01-04,1.0,room_b,CRC,77287.34,2712.66,,0.0,80000.0,0.0,2025.0,5.0
reservation,2024-12-31,2024-12-14,2024-12-29,2024-12-30,1.0,room_a,CRC,57968.2,2031.8,,0.0,60000.0,0.0,2024.0,15.0
reservation,2024-12-30,2024-12-04,2024-12-28,2024-12-29,1.0,room_b,CRC,77290.1,2709.9,,0.0,80000.0,0.0,2024.0,24.0
reservation,2024-12-30,2024-12-10,2024-12-28,2024-12-29,1.0,room_a,CRC,67626.29,2373.71,,0.0,70000.0,0.0,2024.0,18.0
reservation,2024-12-24,2024-11-18,2024-12-22,2024-12-24,2.0,room_a,CRC,154577.22,5422.78,,0.0,160000.0,0.0,2024.0,34.0
reservation,2024-12-24,2024-12-11,2024-12-22,2024-12-23,1.0,room_b,CRC,67627.0,2373.0,,0.0,70000.0,0.0,2024.0,11.0
reservation,2024-12-23,2024-12-09,2024-12-21,2024-12-22,1.0,room_b,CRC,77290.36,2709.64,,0.0,80000.0,0.0,2024.0,12.0
reservation,2024-12-23,2024-12-16,2024-12-21,2024-12-22,1.0,room_a,CRC,67627.0,2373.0,,0.0,70000.0,0.0,2024.0,5.0
reservation,2024-12-23,2024-12-06,2024-12-19,2024-12-20,1.0,room_a,CRC,57966.0,2034.0,,0.0,60000.0,0.0,2024.0,13.0
reservation,2024-12-23,2024-12-07,2024-12-20,2024-12-21,1.0,room_b,CRC,77290.55,2709.45,,0.0,80000.0,0.0,2024.0,13.0
reservation,2024-12-19,2024-12-11,2024-12-17,2024-12-18,1.0,room_a,CRC,57966.84,2033.16,,0.0,60000.0,0.0,2024.0,6.0
reservation,2024-12-18,2024-12-05,2024-12-16,2024-12-17,1.0,room_a,CRC,57966.0,2034.0,,0.0,60000.0,0.0,2024.0,11.0
reservation,2024-12-17,2024-11-03,2024-12-15,2024-12-16,1.0,room_b,CRC,82121.04,2878.96,,0.0,85000.0,0.0,2024.0,42.0
reservation,2024-12-17,2024-12-14,2024-12-15,2024-12-16,1.0,room_a,CRC,57966.0,2034.0,,0.0,60000.0,0.0,2024.0,1.0
reservation,2024-12-16,2024-11-14,2024-12-14,2024-12-15,1.0,room_a,CRC,57966.0,2034.0,,0.0,60000.0,0.0,2024.0,30.0
reservation,2024-12-16,2024-10-29,2024-12-13,2024-12-15,2.0,room_b,CRC,164237.52,5762.48,,0.0,170000.0,0.0,2024.0,45.0
reservation,2024-12-16,2024-12-03,2024-12-13,2024-12-14,1.0,room_a,CRC,67625.74,2374.26,,0.0,70000.0,0.0,2024.0,10.0
reservation,2024-12-10,2024-11-22,2024-12-08,2024-12-09,1.0,room_a,CRC,57965.81,2034.19,,0.0,60000.0,0.0,2024.0,16.0
reservation,2024-12-09,2024-10-22,2024-12-07,2024-12-08,1.0,room_b,CRC,82118.5,2881.5,,0.0,85000.0,0.0,2024.0,46.0
reservation,2024-12-09,2024-11-15,2024-12-07,2024-12-08,1.0,room_a,CRC,57966.0,2034.0,,0.0,60000.0,0.0,2024.0,22.0
reservation,2024-12-09,2024-11-26,2024-12-06,2024-12-07,1.0,room_b,CRC,82118.5,2881.5,,0.0,85000.0,0.0,2024.0,10.0
reservation,2024-12-09,2024-12-01,2024-12-06,2024-12-07,1.0,room_a,CRC,67627.0,2373.0,,0.0,70000.0,0.0,2024.0,5.0
reservation,2024-12-09,2024-12-01,2024-12-05,2024-12-06,1.0,room_a,CRC,57966.0,2034.0,,0.0,60000.0,0.0,2024.0,4.0
reservation,2024-12-04,2024-12-01,2024-12-02,2024-12-03,1.0,room_a,CRC,57966.0,2034.0,,0.0,60000.0,0.0,2024.0,1.0
reservation,2024-12-03,2024-11-25,2024-12-01,2024-12-02,1.0,room_a,CRC,67629.52,2370.48,,0.0,70000.0,0.0,2024.0,6.0
reservation,2024-12-02,2024-10-13,2024-11-29,2024-11-30,1.0,room_b,CRC,74390.2,2609.8,,0.0,77000.0,0.0,2024.0,47.0
reservation,2024-12-02,2024-10-29,2024-11-30,2024-12-01,1.0,room_b,CRC,74392.14,2607.86,,0.0,77000.0,0.0,2024.0,32.0
reservation,2024-12-02,2024-11-12,2024-11-30,2024-12-01,1.0,room_a,CRC,57963.95,2036.05,,0.0,60000.0,0.0,2024.0,18.0
reservation,2024-11-29,2024-11-20,2024-11-27,2024-11-28,1.0,room_a,CRC,57966.0,2034.0,,0.0,60000.0,0.0,2024.0,7.0
reservation,2024-11-26,2024-11-16,2024-11-24,2024-11-25,1.0,room_a,CRC,57966.0,2034.0,,0.0,60000.0,0.0,2024.0,8.0
reservation,2024-11-25,2024-11-11,2024-11-23,2024-11-24,1.0,room_b,CRC,74392.14,2607.86,,0.0,77000.0,0.0,2024.0,12.0
reservation,2024-11-25,2024-11-13,2024-11-23,2024-11-24,1.0,room_a,CRC,57964.53,2035.47,,0.0,60000.0,0.0,2024.0,10.0
reservation,2024-11-25,2024-11-18,2024-11-22,2024-11-23,1.0,room_b,CRC,74389.7,2610.3,,0.0,77000.0,0.0,2024.0,4.0
reservation,2024-11-25,2024-11-18,2024-11-21,2024-11-22,1.0,room_a,CRC,57966.0,2034.0,,0.0,60000.0,0.0,2024.0,3.0
reservation,2024-11-20,2024-11-15,2024-11-18,2024-11-19,1.0,room_a,CRC,57966.0,2034.0,,0.0,60000.0,0.0,2024.0,3.0
reservation,2024-11-19,2024-11-16,2024-11-17,2024-11-18,1.0,room_a,CRC,57966.0,2034.0,,0.0,60000.0,0.0,2024.0,1.0
reservation,2024-11-18,2024-11-10,2024-11-15,2024-11-16,1.0,room_b,CRC,74392.14,2607.86,,0.0,77000.0,0.0,2024.0,5.0
reservation,2024-11-18,2024-11-12,2024-11-15,2024-11-17,2.0,room_a,CRC,115929.5,4070.5,,0.0,120000.0,0.0,2024.0,3.0
reservation,2024-11-18,2024-11-10,2024-11-16,2024-11-17,1.0,room_b,CRC,74391.91,2608.09,,0.0,77000.0,0.0,2024.0,6.0
reservation,2024-11-12,2024-11-04,2024-11-10,2024-11-11,1.0,room_b,CRC,74388.28,2611.72,,0.0,77000.0,0.0,2024.0,6.0
reservation,2024-11-11,2024-10-31,2024-11-08,2024-11-10,2.0,room_b,CRC,148779.4,5220.6,,0.0,154000.0,0.0,2024.0,8.0
reservation,2024-11-11,2024-11-01,2024-11-08,2024-11-09,1.0,room_a,CRC,66660.9,2339.1,,0.0,69000.0,0.0,2024.0,7.0
reservation,2024-11-05,2024-10-27,2024-11-03,2024-11-05,2.0,room_b,CRC,148779.16,5220.84,,0.0,154000.0,0.0,2024.0,7.0
reservation,2024-11-04,2024-10-29,2024-11-01,2024-11-02,1.0,room_b,CRC,74391.84,2608.16,,0.0,77000.0,0.0,2024.0,3.0
reservation,2024-11-04,2024-10-17,2024-11-02,2024-11-03,1.0,room_b,CRC,74389.7,2610.3,,0.0,77000.0,0.0,2024.0,16.0
reservation,2024-11-04,2024-10-28,2024-11-02,2024-11-03,1.0,room_a,CRC,66660.9,2339.1,,0.0,69000.0,0.0,2024.0,5.0
reservation,2024-10-28,2024-08-19,2024-10-25,2024-10-26,1.0,room_a,CRC,66660.02,2339.98,,0.0,69000.0,0.0,2024.0,67.0
reservation,2024-10-28,2024-09-11,2024-10-26,2024-10-27,1.0,room_b,CRC,74388.66,2611.34,,0.0,77000.0,0.0,2024.0,45.0
reservation,2024-10-28,2024-10-07,2024-10-26,2024-10-27,1.0,room_a,CRC,66659.53,2340.47,,0.0,69000.0,0.0,2024.0,19.0
reservation,2024-10-21,2024-09-21,2024-10-19,2024-10-20,1.0,room_b,CRC,74389.7,2610.3,,0.0,77000.0,0.0,2024.0,28.0
reservation,2024-10-14,2024-10-02,2024-10-12,2024-10-13,1.0,room_a,CRC,66660.9,2339.1,,0.0,69000.0,0.0,2024.0,10.0
reservation,2024-10-14,2024-09-19,2024-10-12,2024-10-13,1.0,room_b,CRC,74389.59,2610.41,,0.0,77000.0,0.0,2024.0,23.0
reservation,2024-09-30,2024-09-24,2024-09-28,2024-09-29,1.0,room_b,CRC,74389.7,2610.3,,0.0,77000.0,0.0,2024.0,4.0
reservation,2024-09-23,2024-09-01,2024-09-21,2024-09-22,1.0,room_b,CRC,74389.7,2610.3,,0.0,77000.0,0.0,2024.0,20.0
reservation,2024-09-23,2024-09-03,2024-09-21,2024-09-22,1.0,room_a,CRC,66660.9,2339.1,,0.0,69000.0,0.0,2024.0,18.0
reservation,2024-09-23,2024-09-19,2024-09-20,2024-09-21,1.0,room_b,CRC,74389.7,2610.3,,0.0,77000.0,0.0,2024.0,1.0
reservation,2024-09-16,2024-08-20,2024-09-14,2024-09-15,1.0,room_a,CRC,66660.9,2339.1,,0.0,69000.0,0.0,2024.0,25.0
reservation,2024-09-16,2024-08-27,2024-09-14,2024-09-15,1.0,room_b,CRC,74390.85,2609.15,,0.0,77000.0,0.0,2024.0,18.0
reservation,2024-09-09,2024-08-19,2024-09-07,2024-09-08,1.0,room_a,CRC,66660.9,2339.1,,0.0,69000.0,0.0,2024.0,19.0
reservation,2024-08-26,2024-08-06,2024-08-24,2024-08-25,1.0,room_a,CRC,66662.95,2337.05,,0.0,69000.0,0.0,2024.0,18.0
reservation,2024-08-26,2024-08-07,2024-08-24,2024-08-25,1.0,room_b,CRC,74389.7,2610.3,,0.0,77000.0,0.0,2024.0,17.0
reservation,2024-08-19,2024-07-21,2024-08-16,2024-08-17,1.0,room_b,CRC,74391.81,2608.19,,0.0,77000.0,0.0,2024.0,26.0
reservation,2024-08-19,2024-08-01,2024-08-17,2024-08-18,1.0,room_a,CRC,66660.9,2339.1,,0.0,69000.0,0.0,2024.0,16.0
reservation,2024-08-19,2024-08-01,2024-08-17,2024-08-18,1.0,room_b,CRC,74392.16,2607.84,,0.0,77000.0,0.0,2024.0,16.0
reservation,2024-08-12,2024-07-25,2024-08-10,2024-08-11,1.0,room_b,CRC,74389.7,2610.3,,0.0,77000.0,0.0,2024.0,16.0
reservation,2024-08-12,2024-07-29,2024-08-08,2024-08-09,1.0,room_b,CRC,74387.7,2612.3,,0.0,77000.0,0.0,2024.0,10.0
reservation,2024-08-12,2024-07-09,2024-08-09,2024-08-10,1.0,room_b,CRC,74389.7,2610.3,,0.0,77000.0,0.0,2024.0,31.0
reservation,2024-08-12,2024-08-08,2024-08-09,2024-08-10,1.0,room_a,CRC,66663.07,2336.93,,0.0,69000.0,0.0,2024.0,1.0
reservation,2024-08-09,2024-07-12,2024-08-04,2024-08-05,1.0,room_b,CRC,74389.76,2610.24,,0.0,77000.0,0.0,2024.0,23.0
reservation,2024-08-09,2024-07-14,2024-08-07,2024-08-08,1.0,room_a,CRC,66661.19,2338.81,,0.0,69000.0,0.0,2024.0,24.0
reservation,2024-08-05,2024-07-28,2024-08-01,2024-08-02,1.0,room_a,CRC,66660.9,2339.1,,0.0,69000.0,0.0,2024.0,4.0
reservation,2024-08-05,2024-07-31,2024-08-01,2024-08-02,1.0,room_b,CRC,74389.7,2610.3,,0.0,77000.0,0.0,2024.0,1.0
reservation,2024-08-05,2024-07-15,2024-08-02,2024-08-04,2.0,room_b,CRC,148779.4,5220.6,,0.0,154000.0,0.0,2024.0,18.0
reservation,2024-08-05,2024-07-27,2024-08-02,2024-08-03,1.0,room_a,CRC,66661.37,2338.63,,0.0,69000.0,0.0,2024.0,6.0
reservation,2024-08-05,2024-07-28,2024-08-03,2024-08-04,1.0,room_a,CRC,66660.9,2339.1,,0.0,69000.0,0.0,2024.0,6.0
reservation,2024-07-29,2024-06-15,2024-07-27,2024-07-28,1.0,room_b,CRC,74389.7,2610.3,,0.0,77000.0,0.0,2024.0,42.0
reservation,2024-07-29,2024-07-13,2024-07-26,2024-07-27,1.0,room_b,CRC,74391.17,2608.83,,0.0,77000.0,0.0,2024.0,13.0
reservation,2024-07-17,2024-05-31,2024-07-15,2024-07-16,1.0,room_b,CRC,74392.07,2607.93,,0.0,77000.0,0.0,2024.0,45.0
reservation,2024-07-15,2024-06-09,2024-07-11,2024-07-12,1.0,room_b,CRC,74391.53,2608.47,,0.0,77000.0,0.0,2024.0,32.0
reservation,2024-07-15,2024-05-27,2024-07-12,2024-07-13,1.0,room_a,CRC,66661.03,2338.97,,0.0,69000.0,0.0,2024.0,46.0
reservation,2024-07-15,2024-06-05,2024-07-13,2024-07-14,1.0,room_a,CRC,66660.9,2339.1,,0.0,69000.0,0.0,2024.0,38.0
reservation,2024-07-09,2024-06-13,2024-07-07,2024-07-08,1.0,room_a,CRC,66660.9,2339.1,,0.0,69000.0,0.0,2024.0,24.0
reservation,2024-07-01,2024-06-04,2024-06-29,2024-06-30,1.0,room_a,CRC,66662.42,2337.58,,0.0,69000.0,0.0,2024.0,25.0
reservation,2024-07-01,2024-06-21,2024-06-29,2024-06-30,1.0,room_b,CRC,74391.72,2608.28,,0.0,77000.0,0.0,2024.0,8.0
reservation,2024-06-17,2024-05-20,2024-06-15,2024-06-16,1.0,room_a,CRC,66660.9,2339.1,,0.0,69000.0,0.0,2024.0,26.0
reservation,2024-06-17,2024-06-03,2024-06-15,2024-06-16,1.0,room_b,CRC,74389.7,2610.3,,0.0,77000.0,0.0,2024.0,12.0
reservation,2024-06-11,2024-06-04,2024-06-09,2024-06-10,1.0,room_b,CRC,74390.95,2609.05,,0.0,77000.0,0.0,2024.0,5.0
reservation,2024-06-10,2024-06-04,2024-06-07,2024-06-08,1.0,room_b,CRC,74389.7,2610.3,,0.0,77000.0,0.0,2024.0,3.0
reservation,2024-06-10,2024-05-09,2024-06-08,2024-06-09,1.0,room_b,CRC,59511.67,2088.33,,0.0,61600.0,0.0,2024.0,30.0
reservation,2024-06-05,2024-05-23,2024-05-31,2024-06-01,1.0,room_b,CRC,74389.7,2610.3,,0.0,77000.0,0.0,2024.0,8.0
reservation,2024-06-05,2024-05-27,2024-05-31,2024-06-01,1.0,room_a,CRC,66661.03,2338.97,,0.0,69000.0,0.0,2024.0,4.0
reservation,2024-06-04,2024-05-16,2024-06-01,2024-06-02,1.0,room_a,CRC,66660.9,2339.1,,0.0,69000.0,0.0,2024.0,16.0
reservation,2024-06-04,2024-05-28,2024-06-01,2024-06-02,1.0,room_b,CRC,74389.7,2610.3,,0.0,77000.0,0.0,2024.0,4.0
reservation,2024-05-22,2024-05-15,2024-05-19,2024-05-20,1.0,room_b,CRC,74388.58,2611.42,,0.0,77000.0,0.0,2024.0,4.0
reservation,2024-05-20,2024-05-09,2024-05-18,2024-05-19,1.0,room_b,CRC,59511.76,2088.24,,0.0,61600.0,0.0,2024.0,9.0
reservation,2024-05-20,2024-05-15,2024-05-18,2024-05-19,1.0,room_a,CRC,66659.01,2340.99,,0.0,69000.0,0.0,2024.0,3.0
reservation,2024-05-20,2024-05-15,2024-05-17,2024-05-18,1.0,room_a,CRC,66660.9,2339.1,,0.0,69000.0,0.0,2024.0,2.0
reservation,2024-05-17,2024-05-03,2024-05-04,2024-05-05,1.0,room_a,CRC,61830.4,2169.6,,0.0,64000.0,0.0,2024.0,1.0
reservation,2024-05-17,2024-05-05,2024-05-10,2024-05-11,1.0,room_a,CRC,61830.64,2169.36,,0.0,64000.0,0.0,2024.0,5.0
reservation,2024-05-17,2024-05-07,2024-05-11,2024-05-12,1.0,room_b,CRC,59511.76,2088.24,,0.0,61600.0,0.0,2024.0,4.0
