check_in,unit_id,currency,reservations,nights,gross_income_sum,net_amount_sum,median_gross_adr,median_net_adr,median_booking_lead_days
2024-05-04,room_a,CRC,1,1.0,64000.0,61830.4,64000.0,61830.4,1.0
2024-05-10,room_a,CRC,1,1.0,64000.0,61830.64,64000.0,61830.64,5.0
2024-05-11,room_b,CRC,1,1.0,61600.0,59511.76,61600.0,59511.76,4.0
2024-05-17,room_a,CRC,1,1.0,69000.0,66660.9,69000.0,66660.9,2.0
2024-05-18,room_a,CRC,1,1.0,69000.0,66659.01,69000.0,66659.01,3.0
2024-05-18,room_b,CRC,1,1.0,61600.0,59511.76,61600.0,59511.76,9.0
2024-05-19,room_b,CRC,1,1.0,77000.0,74388.58,77000.0,74388.58,4.0
2024-05-31,room_a,CRC,1,1.0,69000.0,66661.03,69000.0,66661.03,4.0
2024-05-31,room_b,CRC,1,1.0,77000.0,74389.7,77000.0,74389.7,8.0
2024-06-01,room_a,CRC,1,1.0,69000.0,66660.9,69000.0,66660.9,16.0
2024-06-01,room_b,CRC,1,1.0,77000.0,74389.7,77000.0,74389.7,4.0
2024-06-07,room_b,CRC,1,1.0,77000.0,74389.7,77000.0,74389.7,3.0
2024-06-08,room_b,CRC,1,1.0,61600.0,59511.67,61600.0,59511.67,30.0
2024-06-09,room_b,CRC,1,1.0,77000.0,74390.95,77000.0,74390.95,5.0
2024-06-15,room_a,CRC,1,1.0,69000.0,66660.9,69000.0,66660.9,26.0
2024-06-15,room_b,CRC,1,1.0,77000.0,74389.7,77000.0,74389.7,12.0
2024-06-29,room_a,CRC,1,1.0,69000.0,66662.42,69000.0,66662.42,25.0
2024-06-29,room_b,CRC,1,1.0,77000.0,74391.72,77000.0,74391.72,8.0
2024-07-07,room_a,CRC,1,1.0,69000.0,66660.9,69000.0,66660.9,24.0
2024-07-11,room_b,CRC,1,1.0,77000.0,74391.53,77000.0,74391.53,32.0
2024-07-12,room_a,CRC,1,1.0,69000.0,66661.03,69000.0,66661.03,46.0
2024-07-13,room_a,CRC,1,1.0,69000.0,66660.9,69000.0,66660.9,38.0
2024-07-15,room_b,CRC,1,1.0,77000.0,74392.07,77000.0,74392.07,45.0
2024-07-26,room_b,CRC,1,1.0,77000.0,74391.17,77000.0,74391.17,13.0
2024-07-27,room_b,CRC,1,1.0,77000.0,74389.7,77000.0,74389.7,42.0
2024-08-01,room_a,CRC,1,1.0,69000.0,66660.9,69000.0,66660.9,4.0
2024-08-01,room_b,CRC,1,1.0,77000.0,74389.7,77000.0,74389.7,1.0
2024-08-02,room_a,CRC,1,1.0,69000.0,66661.37,69000.0,66661.37,6.0
2024-08-02,room_b,CRC,1,2.0,154000.0,148779.4,77000.0,74389.7,18.0
2024-08-03,room_a,CRC,1,1.0,69000.0,66660.9,69000.0,66660.9,6.0
2024-08-04,room_b,CRC,1,1.0,77000.0,74389.76,77000.0,74389.76,23.0
2024-08-07,room_a,CRC,1,1.0,69000.0,66661.19,69000.0,66661.19,24.0
2024-08-08,room_b,CRC,1,1.0,77000.0,74387.7,77000.0,74387.7,10.0
2024-08-09,room_a,CRC,1,1.0,69000.0,66663.07,69000.0,66663.07,1.0
2024-08-09,room_b,CRC,1,1.0,77000.0,74389.7,77000.0,74389.7,31.0
2024-08-10,room_b,CRC,1,1.0,77000.0,74389.7,77000.0,74389.7,16.0
2024-08-16,room_b,CRC,1,1.0,77000.0,74391.81,77000.0,74391.81,26.0
2024-08-17,room_a,CRC,1,1.0,69000.0,66660.9,69000.0,66660.9,16.0
2024-08-17,room_b,CRC,1,1.0,77000.0,74392.16,77000.0,74392.16,16.0
2024-08-24,room_a,CRC,1,1.0,69000.0,66662.95,69000.0,66662.95,18.0
2024-08-24,room_b,CRC,1,1.0,77000.0,74389.7,77000.0,74389.7,17.0
2024-09-07,room_a,CRC,1,1.0,69000.0,66660.9,69000.0,66660.9,19.0
2024-09-14,room_a,CRC,1,1.0,69000.0,66660.9,69000.0,66660.9,25.0
2024-09-14,room_b,CRC,1,1.0,77000.0,74390.85,77000.0,74390.85,18.0
2024-09-20,room_b,CRC,1,1.0,77000.0,74389.7,77000.0,74389.7,1.0
2024-09-21,room_a,CRC,1,1.0,69000.0,66660.9,69000.0,66660.9,18.0
2024-09-21,room_b,CRC,1,1.0,77000.0,74389.7,77000.0,74389.7,20.0
2024-09-28,room_b,CRC,1,1.0,77000.0,74389.7,77000.0,74389.7,4.0
2024-10-12,room_a,CRC,1,1.0,69000.0,66660.9,69000.0,66660.9,10.0
2024-10-12,room_b,CRC,1,1.0,77000.0,74389.59,77000.0,74389.59,23.0
2024-10-19,room_b,CRC,1,1.0,77000.0,74389.7,77000.0,74389.7,28.0
2024-10-25,room_a,CRC,1,1.0,69000.0,66660.02,69000.0,66660.02,67.0
2024-10-26,room_a,CRC,1,1.0,69000.0,66659.53,69000.0,66659.53,19.0
2024-10-26,room_b,CRC,1,1.0,77000.0,74388.66,77000.0,74388.66,45.0
2024-11-01,room_b,CRC,1,1.0,77000.0,74391.84,77000.0,74391.84,3.0
2024-11-02,room_a,CRC,1,1.0,69000.0,66660.9,69000.0,66660.9,5.0
2024-11-02,room_b,CRC,1,1.0,77000.0,74389.7,77000.0,74389.7,16.0
2024-11-03,room_b,CRC,1,2.0,154000.0,148779.16,77000.0,74389.58,7.0
2024-11-08,room_a,CRC,1,1.0,69000.0,66660.9,69000.0,66660.9,7.0
2024-11-08,room_b,CRC,1,2.0,154000.0,148779.4,77000.0,74389.7,8.0
2024-11-10,room_b,CRC,1,1.0,77000.0,74388.28,77000.0,74388.28,6.0
2024-11-15,room_a,CRC,1,2.0,120000.0,115929.5,60000.0,57964.75,3.0
2024-11-15,room_b,CRC,1,1.0,77000.0,74392.14,77000.0,74392.14,5.0
2024-11-16,room_b,CRC,1,1.0,77000.0,74391.91,77000.0,74391.91,6.0
2024-11-17,room_a,CRC,1,1.0,60000.0,57966.0,60000.0,57966.0,1.0
2024-11-18,room_a,CRC,1,1.0,60000.0,57966.0,60000.0,57966.0,3.0
2024-11-21,room_a,CRC,1,1.0,60000.0,57966.0,60000.0,57966.0,3.0
2024-11-22,room_b,CRC,1,1.0,77000.0,74389.7,77000.0,74389.7,4.0
2024-11-23,room_a,CRC,1,1.0,60000.0,57964.53,60000.0,57964.53,10.0
2024-11-23,room_b,CRC,1,1.0,77000.0,74392.14,77000.0,74392.14,12.0
2024-11-24,room_a,CRC,1,1.0,60000.0,57966.0,60000.0,57966.0,8.0
2024-11-27,room_a,CRC,1,1.0,60000.0,57966.0,60000.0,57966.0,7.0
2024-11-29,room_b,CRC,1,1.0,77000.0,74390.2,77000.0,74390.2,47.0
2024-11-30,room_a,CRC,1,1.0,60000.0,57963.95,60000.0,57963.95,18.0
2024-11-30,room_b,CRC,1,1.0,77000.0,74392.14,77000.0,74392.14,32.0
2024-12-01,room_a,CRC,1,1.0,70000.0,67629.52,70000.0,67629.52,6.0
2024-12-02,room_a,CRC,1,1.0,60000.0,57966.0,60000.0,57966.0,1.0
2024-12-05,room_a,CRC,1,1.0,60000.0,57966.0,60000.0,57966.0,4.0
2024-12-06,room_a,CRC,1,1.0,70000.0,67627.0,70000.0,67627.0,5.0
2024-12-06,room_b,CRC,1,1.0,85000.0,82118.5,85000.0,82118.5,10.0
2024-12-07,room_a,CRC,1,1.0,60000.0,57966.0,60000.0,57966.0,22.0
2024-12-07,room_b,CRC,1,1.0,85000.0,82118.5,85000.0,82118.5,46.0
2024-12-08,room_a,CRC,1,1.0,60000.0,57965.81,60000.0,57965.81,16.0
2024-12-13,room_a,CRC,1,1.0,70000.0,67625.74,70000.0,67625.74,10.0
2024-12-13,room_b,CRC,1,2.0,170000.0,164237.52,85000.0,82118.76,45.0
2024-12-14,room_a,CRC,1,1.0,60000.0,57966.0,60000.0,57966.0,30.0
2024-12-15,room_a,CRC,1,1.0,60000.0,57966.0,60000.0,57966.0,1.0
2024-12-15,room_b,CRC,1,1.0,85000.0,82121.04,85000.0,82121.04,42.0
2024-12-16,room_a,CRC,1,1.0,60000.0,57966.0,60000.0,57966.0,11.0
2024-12-17,room_a,CRC,1,1.0,60000.0,57966.84,60000.0,57966.84,6.0
2024-12-19,room_a,CRC,1,1.0,60000.0,57966.0,60000.0,57966.0,13.0
2024-12-20,room_b,CRC,1,1.0,80000.0,77290.55,80000.0,77290.55,13.0
2024-12-21,room_a,CRC,1,1.0,70000.0,67627.0,70000.0,67627.0,5.0
2024-12-21,room_b,CRC,1,1.0,80000.0,77290.36,80000.0,77290.36,12.0
2024-12-22,room_a,CRC,1,2.0,160000.0,154577.22,80000.0,77288.61,34.0
2024-12-22,room_b,CRC,1,1.0,70000.0,67627.0,70000.0,67627.0,11.0
2024-12-28,room_a,CRC,1,1.0,70000.0,67626.29,70000.0,67626.29,18.0
2024-12-28,room_b,CRC,1,1.0,80000.0,77290.1,80000.0,77290.1,24.0
2024-12-29,room_a,CRC,1,1.0,60000.0,57968.2,60000.0,57968.2,15.0
2025-01-02,room_b,CRC,1,1.0,75000.0,72459.34,75000.0,72459.34,34.0
2025-01-03,room_a,CRC,1,1.0,70000.0,67627.0,70000.0,67627.0,7.0
2025-01-03,room_b,CRC,1,1.0,80000.0,77287.34,80000.0,77287.34,5.0
2025-01-04,room_a,CRC,1,1.0,70000.0,67627.59,70000.0,67627.59,20.0
2025-01-04,room_b,CRC,1,1.0,80000.0,77288.0,80000.0,77288.0,11.0
2025-01-05,room_a,CRC,1,1.0,60000.0,57968.14,60000.0,57968.14,1.0
2025-01-05,room_b,CRC,1,1.0,70000.0,67625.54,70000.0,67625.54,3.0
2025-01-17,room_a,CRC,1,1.0,70000.0,67627.0,70000.0,67627.0,16.0
2025-01-18,room_a,CRC,1,1.0,70000.0,67627.0,70000.0,67627.0,16.0
2025-01-18,room_b,CRC,1,1.0,80000.0,77288.0,80000.0,77288.0,11.0
2025-01-19,room_a,CRC,1,1.0,60000.0,57966.0,60000.0,57966.0,4.0
2025-01-24,room_a,CRC,1,1.0,70000.0,67629.2,70000.0,67629.2,20.0
2025-01-24,room_b,CRC,1,1.0,80000.0,77288.0,80000.0,77288.0,2.0
2025-01-25,room_a,CRC,1,1.0,70000.0,67627.0,70000.0,67627.0,23.0
2025-01-26,room_a,CRC,1,1.0,60000.0,57966.65,60000.0,57966.65,51.0
2025-01-26,room_b,CRC,1,1.0,70000.0,67627.0,70000.0,67627.0,12.0
2025-01-30,room_a,CRC,1,1.0,60000.0,57963.79,60000.0,57963.79,8.0
2025-01-30,room_b,CRC,1,2.0,150000.0,144917.24,75000.0,72458.62,18.0
2025-02-01,room_a,CRC,1,1.0,70000.0,67627.0,70000.0,67627.0,19.0
2025-02-01,room_b,CRC,1,1.0,80000.0,77288.0,80000.0,77288.0,18.0
2025-02-02,room_a,CRC,1,2.0,130000.0,125592.19,65000.0,62796.095,9.0
2025-02-02,room_b,CRC,1,2.0,140000.0,135251.54,70000.0,67625.77,18.0
2025-02-05,room_b,CRC,1,1.0,70000.0,67627.0,70000.0,67627.0,19.0
2025-02-07,room_a,CRC,1,1.0,77000.0,74387.72,77000.0,74387.72,230.0
2025-02-08,room_a,CRC,1,1.0,70000.0,67627.0,70000.0,67627.0,18.0
2025-02-08,room_b,CRC,1,1.0,80000.0,77288.0,80000.0,77288.0,13.0
2025-02-09,room_a,CRC,1,1.0,60000.0,57966.0,60000.0,57966.0,11.0
2025-02-10,room_a,CRC,1,1.0,60000.0,57966.0,60000.0,57966.0,27.0
2025-02-12,room_b,CRC,1,2.0,140000.0,135254.0,70000.0,67627.0,45.0
2025-02-13,room_a,CRC,1,1.0,70000.0,67627.0,70000.0,67627.0,16.0
2025-02-14,room_a,CRC,1,1.0,100000.0,96610.0,100000.0,96610.0,27.0
2025-02-14,room_b,CRC,1,1.0,100000.0,96610.0,100000.0,96610.0,29.0
2025-02-15,room_a,CRC,1,1.0,100000.0,96610.0,100000.0,96610.0,32.0
2025-02-15,room_b,CRC,1,1.0,100000.0,96610.0,100000.0,96610.0,32.0
2025-02-16,room_a,CRC,1,1.0,100000.0,96610.0,100000.0,96610.0,7.0
2025-02-16,room_b,CRC,1,1.0,100000.0,96610.0,100000.0,96610.0,26.0
2025-02-20,room_b,CRC,1,1.0,70000.0,67627.0,70000.0,67627.0,22.0
2025-02-22,room_a,CRC,1,1.0,70000.0,67627.0,70000.0,67627.0,9.0
2025-02-22,room_b,CRC,1,1.0,80000.0,77288.0,80000.0,77288.0,96.0
2025-02-23,room_a,CRC,1,1.0,60000.0,57966.15,60000.0,57966.15,47.0
2025-02-27,room_b,CRC,1,1.0,70000.0,67627.0,70000.0,67627.0,34.0
2025-02-28,room_a,CRC,1,1.0,80000.0,77288.0,80000.0,77288.0,53.0
2025-03-03,room_b,CRC,1,1.0,70000.0,67627.0,70000.0,67627.0,25.0
2025-03-04,room_b,CRC,1,1.0,80000.0,77288.0,80000.0,77288.0,14.0
2025-03-06,room_a,CRC,1,1.0,60000.0,57966.41,60000.0,57966.41,52.0
2025-03-08,room_a,CRC,1,1.0,80000.0,77288.4,80000.0,77288.4,45.0
2025-03-08,room_b,CRC,1,1.0,80000.0,77290.04,80000.0,77290.04,30.0
2025-03-09,room_b,CRC,1,1.0,80000.0,77288.0,80000.0,77288.0,2.0
2025-03-14,room_b,CRC,1,1.0,80000.0,77286.14,80000.0,77286.14,4.0
2025-03-15,room_a,CRC,1,1.0,80000.0,77288.0,80000.0,77288.0,5.0
2025-03-15,room_b,CRC,1,1.0,80000.0,77288.0,80000.0,77288.0,55.0
2025-03-21,room_a,CRC,1,2.0,200000.0,193218.57,100000.0,96609.285,5.0
2025-03-22,room_b,CRC,1,1.0,100000.0,96610.0,100000.0,96610.0,26.0
2025-03-29,room_a,CRC,1,1.0,100000.0,96610.94,100000.0,96610.94,9.0
2025-03-29,room_b,CRC,1,1.0,80000.0,77288.0,80000.0,77288.0,56.0
2025-04-02,room_b,CRC,1,1.0,70000.0,67626.51,70000.0,67626.51,93.0
2025-04-05,room_b,CRC,1,1.0,100000.0,96610.0,100000.0,96610.0,4.0
2025-04-11,room_a,CRC,1,1.0,100000.0,96610.0,100000.0,96610.0,2.0
2025-04-11,room_b,CRC,1,1.0,100000.0,96607.71,100000.0,96607.71,1.0
2025-04-12,room_a,CRC,1,1.0,100000.0,96610.71,100000.0,96610.71,3.0
2025-04-12,room_b,CRC,1,1.0,100000.0,96610.0,100000.0,96610.0,10.0
2025-04-14,room_b,CRC,1,1.0,90000.0,86949.0,90000.0,86949.0,2.0
2025-04-16,room_b,CRC,1,2.0,180000.0,173898.0,90000.0,86949.0,31.0
2025-04-17,room_a,CRC,1,1.0,100000.0,96610.07,100000.0,96610.07,3.0
2025-04-18,room_a,CRC,1,1.0,100000.0,96610.0,100000.0,96610.0,5.0
2025-04-18,room_b,CRC,1,1.0,100000.0,96610.0,100000.0,96610.0,17.0
2025-04-19,room_a,CRC,1,1.0,100000.0,96610.0,100000.0,96610.0,14.0
2025-04-19,room_b,CRC,1,1.0,100000.0,96610.0,100000.0,96610.0,8.0
2025-04-20,room_b,CRC,1,1.0,100000.0,96608.71,100000.0,96608.71,23.0
2025-04-21,room_b,CRC,1,1.0,90000.0,86949.0,90000.0,86949.0,11.0
2025-04-22,room_a,CRC,1,1.0,80000.0,77288.04,80000.0,77288.04,1.0
2025-04-25,room_b,CRC,1,1.0,100000.0,96607.71,100000.0,96607.71,14.0
2025-04-26,room_b,CRC,1,1.0,100000.0,96607.71,100000.0,96607.71,15.0
2025-04-27,room_b,CRC,1,1.0,100000.0,96608.64,100000.0,96608.64,11.0
2025-04-30,room_a,CRC,1,1.0,60000.0,57968.63,60000.0,57968.63,125.0
2025-05-01,room_b,CRC,1,2.0,190000.0,183561.37,95000.0,91780.685,18.0
2025-05-07,room_b,CRC,1,1.0,90000.0,86949.0,90000.0,86949.0,0.0
2025-05-08,room_b,CRC,1,2.0,190000.0,183559.0,95000.0,91779.5,2.0
2025-05-10,room_a,CRC,1,1.0,100000.0,96610.09,100000.0,96610.09,5.0
2025-05-10,room_b,CRC,1,1.0,100000.0,96610.0,100000.0,96610.0,18.0
2025-05-17,room_a,CRC,1,1.0,87000.0,84049.78,87000.0,84049.78,9.0
2025-05-23,room_b,CRC,1,1.0,100000.0,96610.46,100000.0,96610.46,21.0
2025-05-24,room_a,CRC,1,1.0,87000.0,84050.7,87000.0,84050.7,6.0
2025-05-24,room_b,CRC,1,1.0,85000.0,82119.63,85000.0,82119.63,2.0
2025-05-25,room_a,CRC,1,2.0,120000.0,115932.4,60000.0,57966.2,2.0
2025-05-28,room_a,CRC,1,1.0,60000.0,57966.0,60000.0,57966.0,4.0
2025-05-29,room_a,CRC,1,1.0,60000.0,57966.0,60000.0,57966.0,5.0
2025-05-30,room_b,CRC,1,1.0,85000.0,82118.5,85000.0,82118.5,1.0
2025-05-31,room_a,CRC,1,1.0,70000.0,67627.0,70000.0,67627.0,4.0
2025-05-31,room_b,CRC,1,1.0,85000.0,82118.5,85000.0,82118.5,4.0
2025-06-07,room_a,CRC,1,1.0,87000.0,84050.7,87000.0,84050.7,18.0
2025-06-07,room_b,CRC,1,1.0,85000.0,82119.54,85000.0,82119.54,12.0
2025-06-11,room_a,CRC,1,1.0,60000.0,57966.0,60000.0,57966.0,1.0
2025-06-14,room_a,CRC,1,1.0,70000.0,67627.0,70000.0,67627.0,2.0
2025-06-14,room_b,CRC,1,1.0,80000.0,77288.0,80000.0,77288.0,5.0
2025-06-16,room_a,CRC,1,1.0,60000.0,57966.0,60000.0,57966.0,5.0
2025-06-19,room_a,CRC,1,1.0,60000.0,57966.0,60000.0,57966.0,5.0
2025-06-20,room_a,CRC,1,1.0,70000.0,67627.0,70000.0,67627.0,15.0
2025-06-21,room_a,CRC,1,1.0,70000.0,67627.02,70000.0,67627.02,5.0
2025-06-21,room_b,CRC,1,1.0,80000.0,77287.32,80000.0,77287.32,3.0
2025-06-27,room_a,CRC,1,1.0,70000.0,67627.0,70000.0,67627.0,23.0
2025-06-28,room_a,CRC,1,1.0,70000.0,67625.47,70000.0,67625.47,32.0
2025-06-28,room_b,CRC,1,1.0,85000.0,82120.05,85000.0,82120.05,28.0
2025-07-02,room_b,CRC,1,1.0,60000.0,57966.0,60000.0,57966.0,1.0
2025-07-03,room_b,CRC,1,1.0,60000.0,57966.0,60000.0,57966.0,3.0
2025-07-04,room_a,CRC,1,2.0,140000.0,135253.9,70000.0,67626.95,9.0
2025-07-04,room_b,CRC,1,1.0,80000.0,77288.0,80000.0,77288.0,26.0
2025-07-05,room_b,CRC,1,1.0,80000.0,77288.0,80000.0,77288.0,10.0
2025-07-06,room_a,CRC,1,1.0,60000.0,57967.74,60000.0,57967.74,13.0
2025-07-07,room_b,CRC,1,1.0,60000.0,57966.0,60000.0,57966.0,6.0
2025-07-08,room_a,CRC,1,1.0,60000.0,57966.0,60000.0,57966.0,25.0
2025-07-09,room_b,CRC,1,2.0,120000.0,115928.73,60000.0,57964.365,13.0
2025-07-11,room_a,CRC,1,2.0,140000.0,135254.0,70000.0,67627.0,35.0
2025-07-12,room_b,CRC,1,1.0,80000.0,77288.0,80000.0,77288.0,17.0
2025-07-13,room_a,CRC,1,1.0,60000.0,57967.16,60000.0,57967.16,14.0
2025-07-15,room_b,CRC,1,1.0,60000.0,57966.0,60000.0,57966.0,10.0
2025-07-16,room_b,CRC,1,1.0,60000.0,57967.93,60000.0,57967.93,17.0
2025-07-18,room_a,CRC,1,1.0,70000.0,67627.39,70000.0,67627.39,29.0
2025-07-19,room_b,CRC,1,1.0,80000.0,77286.85,80000.0,77286.85,23.0
2025-07-20,room_b,CRC,1,1.0,70000.0,67627.0,70000.0,67627.0,20.0
2025-07-24,room_a,CRC,1,1.0,60000.0,57967.67,60000.0,57967.67,17.0
2025-07-25,room_b,CRC,1,1.0,80000.0,77286.99,80000.0,77286.99,22.0
2025-07-26,room_a,CRC,1,1.0,70000.0,67627.0,70000.0,67627.0,37.0
2025-07-28,room_b,CRC,1,2.0,120000.0,115930.96,60000.0,57965.48,32.0
2025-07-31,room_b,CRC,1,1.0,60000.0,57967.82,60000.0,57967.82,31.0
2025-08-02,room_b,CRC,1,1.0,90000.0,86946.56,90000.0,86946.56,41.0
2025-09-13,room_a,USD,1,1.0,130.0,125.59,130.0,125.59,3.0
2025-09-25,room_a,USD,1,2.0,275.0,265.68,137.5,132.84,9.0
2025-09-27,room_a,USD,1,1.0,165.0,159.41,165.0,159.41,10.0
2025-10-03,room_b,USD,1,1.0,180.0,173.9,180.0,173.9,19.0
2025-10-04,room_a,USD,1,1.0,165.0,159.41,165.0,159.41,10.0
2025-10-04,room_b,USD,1,1.0,165.0,159.41,165.0,159.41,25.0
2025-10-05,room_b,USD,1,1.0,165.0,159.41,165.0,159.41,11.0
2025-10-06,room_a,USD,1,1.0,85.0,82.12,85.0,82.12,5.0
2025-10-10,room_b,USD,1,2.0,340.0,328.47,170.0,164.235,0.0
2025-10-12,room_a,USD,1,1.0,122.0,117.86,122.0,117.86,1.0
2025-10-15,room_a,USD,1,1.0,130.0,125.59,130.0,125.59,28.0
2025-10-18,room_a,USD,1,1.0,165.0,159.41,165.0,159.41,13.0
2025-10-18,room_b,USD,1,1.0,180.0,173.9,180.0,173.9,14.0
2025-10-19,room_a,USD,1,1.0,140.0,135.25,140.0,135.25,3.0
2025-10-20,room_b,USD,1,1.0,150.0,144.92,150.0,144.92,0.0
2025-10-25,room_b,USD,1,1.0,180.0,173.9,180.0,173.9,23.0
2025-10-29,room_b,USD,1,2.0,280.0,270.51,140.0,135.255,13.0
2025-10-31,room_a,USD,1,1.0,143.25,138.39,143.25,138.39,1.0
2025-10-31,room_b,USD,1,1.0,180.0,173.9,180.0,173.9,0.0
2025-11-01,room_a,USD,1,1.0,180.0,173.9,180.0,173.9,23.0
2025-11-07,room_a,USD,1,1.0,180.0,173.9,180.0,173.9,10.0
2025-11-07,room_b,USD,1,1.0,210.0,202.88,210.0,202.88,10.0
2025-11-08,room_a,USD,1,1.0,180.0,173.9,180.0,173.9,10.0
2025-11-08,room_b,USD,1,1.0,210.0,202.88,210.0,202.88,2.0
2025-11-09,room_b,USD,1,1.0,135.0,130.42,135.0,130.42,3.0
2025-11-12,room_a,USD,1,2.0,120.0,115.93,60.0,57.965,4.0
2025-11-12,room_b,USD,1,2.0,280.0,270.51,140.0,135.255,29.0
2025-11-14,room_b,USD,1,2.0,400.0,386.44,200.0,193.22,3.0
2025-11-15,room_a,USD,1,1.0,180.0,173.9,180.0,173.9,9.0
2025-11-16,room_b,USD,1,1.0,155.0,149.75,155.0,149.75,8.0
2025-11-20,room_a,USD,1,2.0,300.0,289.83,150.0,144.915,2.0
2025-11-21,room_b,USD,1,1.0,210.0,202.88,210.0,202.88,15.0
2025-11-22,room_a,USD,1,1.0,180.0,173.9,180.0,173.9,10.0
2025-11-22,room_b,USD,1,1.0,210.0,202.88,210.0,202.88,5.0
2025-11-23,room_b,USD,1,2.0,325.0,313.98,162.5,156.99,2.0
2025-11-28,room_b,USD,1,1.0,210.0,202.88,210.0,202.88,12.0
2025-11-29,room_a,USD,1,2.0,310.0,299.49,155.0,149.745,25.0
2025-11-29,room_b,USD,1,1.0,210.0,202.88,210.0,202.88,8.0
2025-11-30,room_b,USD,1,1.0,175.0,169.07,175.0,169.07,3.0
2025-12-02,room_b,USD,1,1.0,200.0,193.22,200.0,193.22,24.0
2025-12-05,room_a,USD,1,1.0,182.0,175.83,182.0,175.83,0.0
2025-12-06,room_a,USD,1,1.0,181.5,175.34,181.5,175.34,1.0
2025-12-06,room_b,USD,1,1.0,220.0,212.54,220.0,212.54,6.0
2025-12-08,room_a,USD,1,2.0,360.0,347.8,180.0,173.9,8.0
2025-12-11,room_b,USD,1,1.0,200.0,193.22,200.0,193.22,3.0
2025-12-13,room_a,USD,1,1.0,210.0,202.88,210.0,202.88,46.0
2025-12-13,room_b,USD,1,2.0,410.0,396.1,205.0,198.05,1.0
2025-12-20,room_a,USD,1,1.0,220.0,212.54,220.0,212.54,21.0
2025-12-20,room_b,USD,1,1.0,220.0,212.54,220.0,212.54,9.0
2025-12-21,room_a,USD,1,1.0,200.0,193.22,200.0,193.22,14.0
2025-12-21,room_b,USD,1,1.0,200.0,193.22,200.0,193.22,8.0
2025-12-26,room_a,USD,1,1.0,220.0,212.54,220.0,212.54,3.0
2025-12-26,room_b,USD,1,1.0,220.0,212.54,220.0,212.54,9.0
2025-12-27,room_b,USD,1,1.0,220.0,212.54,220.0,212.54,13.0
2025-12-29,room_b,USD,1,1.0,200.0,193.22,200.0,193.22,17.0
2025-12-30,room_a,USD,1,1.0,147.5,142.49,147.5,142.49,1.0
2025-12-30,room_b,USD,1,1.0,220.0,212.54,220.0,212.54,28.0
2025-12-31,room_a,USD,1,1.0,210.0,202.88,210.0,202.88,80.0
2025-12-31,room_b,USD,1,1.0,241.0,232.83,241.0,232.83,27.0
2026-01-01,room_b,USD,1,1.0,241.0,232.83,241.0,232.83,4.0
2026-01-09,room_a,USD,1,2.0,370.0,357.46,185.0,178.73,11.0
2026-01-11,room_a,USD,1,1.0,130.5,126.07,130.5,126.07,0.0
2026-01-12,room_a,USD,1,1.0,140.0,135.25,140.0,135.25,10.0
2026-01-17,room_a,USD,1,2.0,310.0,299.49,155.0,149.745,114.0
2026-01-17,room_b,USD,1,1.0,210.0,202.88,210.0,202.88,17.0
2026-01-20,room_a,USD,1,1.0,122.0,117.86,122.0,117.86,0.0
2026-01-21,room_b,USD,1,1.0,170.0,164.24,170.0,164.24,5.0
2026-01-24,room_a,USD,1,1.0,180.0,173.9,180.0,173.9,8.0
2026-01-24,room_b,USD,1,1.0,210.0,202.88,210.0,202.88,15.0
2026-01-30,room_a,USD,1,1.0,180.0,173.9,180.0,173.9,22.0
2026-01-30,room_b,USD,1,1.0,210.0,202.88,210.0,202.88,12.0
