unit_id,currency,check_in,check_out,booking_date,movement_date,income_year,check_in_year,check_in_month,check_in_week,check_in_dayofweek,check_in_weekday,check_in_context,nights,booking_lead_days,lead_bucket,gross_income,net_amount,gross_adr,net_adr,service_fee,service_fee_rate,cleaning_fee,cleaning_fee_per_night,lodging_tax,fx_rate_to_crc,gross_income_crc,net_amount_crc,gross_adr_crc,net_adr_crc,fx_normalization_status
room_a,CRC,2024-05-04,2024-05-05,2024-05-03,2024-05-17,2024.0,2024,5,18,5,Saturday,weekend,1.0,1.0,0-3,64000.0,61830.4,64000.0,61830.4,2169.6,0.0339,0.0,0.0,0.0,,,,,,original_currency_only
room_a,CRC,2024-05-10,2024-05-11,2024-05-05,2024-05-17,2024.0,2024,5,19,4,Friday,weekend,1.0,5.0,4-7,64000.0,61830.64,64000.0,61830.64,2169.36,0.03389625,0.0,0.0,0.0,,,,,,original_currency_only
room_b,CRC,2024-05-11,2024-05-12,2024-05-07,2024-05-17,2024.0,2024,5,19,5,Saturday,weekend,1.0,4.0,4-7,61600.0,59511.76,61600.0,59511.76,2088.24,0.0339,0.0,0.0,0.0,,,,,,original_currency_only
room_a,CRC,2024-05-17,2024-05-18,2024-05-15,2024-05-20,2024.0,2024,5,20,4,Friday,weekend,1.0,2.0,0-3,69000.0,66660.9,69000.0,66660.9,2339.1,0.0339,0.0,0.0,0.0,,,,,,original_currency_only
room_a,CRC,2024-05-18,2024-05-19,2024-05-15,2024-05-20,2024.0,2024,5,20,5,Saturday,weekend,1.0,3.0,0-3,69000.0,66659.01,69000.0,66659.01,2340.99,0.033927391304347826,0.0,0.0,0.0,,,,,,original_currency_only
room_b,CRC,2024-05-18,2024-05-19,2024-05-09,2024-05-20,2024.0,2024,5,20,5,Saturday,weekend,1.0,9.0,8-14,61600.0,59511.76,61600.0,59511.76,2088.24,0.0339,0.0,0.0,0.0,,,,,,original_currency_only
room_b,CRC,2024-05-19,2024-05-20,2024-05-15,2024-05-22,2024.0,2024,5,20,6,Sunday,weekend,1.0,4.0,4-7,77000.0,74388.58,77000.0,74388.58,2611.42,0.033914545454545454,0.0,0.0,0.0,,,,,,original_currency_only
room_a,CRC,2024-05-31,2024-06-01,2024-05-27,2024-06-05,2024.0,2024,5,22,4,Friday,weekend,1.0,4.0,4-7,69000.0,66661.03,69000.0,66661.03,2338.97,0.03389811594202898,0.0,0.0,0.0,,,,,,original_currency_only
room_b,CRC,2024-05-31,2024-06-01,2024-05-23,2024-06-05,2024.0,2024,5,22,4,Friday,weekend,1.0,8.0,8-14,77000.0,74389.7,77000.0,74389.7,2610.3,0.0339,0.0,0.0,0.0,,,,,,original_currency_only
room_a,CRC,2024-06-01,2024-06-02,2024-05-16,2024-06-04,2024.0,2024,6,22,5,Saturday,weekend,1.0,16.0,15-30,69000.0,66660.9,69000.0,66660.9,2339.1,0.0339,0.0,0.0,0.0,,,,,,original_currency_only
room_b,CRC,2024-06-01,2024-06-02,2024-05-28,2024-06-04,2024.0,2024,6,22,5,Saturday,weekend,1.0,4.0,4-7,77000.0,74389.7,77000.0,74389.7,2610.3,0.0339,0.0,0.0,0.0,,,,,,original_currency_only
room_b,CRC,2024-06-07,2024-06-08,2024-06-04,2024-06-10,2024.0,2024,6,23,4,Friday,weekend,1.0,3.0,0-3,77000.0,74389.7,77000.0,74389.7,2610.3,0.0339,0.0,0.0,0.0,,,,,,original_currency_only
room_b,CRC,2024-06-08,2024-06-09,2024-05-09,2024-06-10,2024.0,2024,6,23,5,Saturday,weekend,1.0,30.0,15-30,61600.0,59511.67,61600.0,59511.67,2088.33,0.03390146103896104,0.0,0.0,0.0,,,,,,original_currency_only
room_b,CRC,2024-06-09,2024-06-10,2024-06-04,2024-06-11,2024.0,2024,6,23,6,Sunday,weekend,1.0,5.0,4-7,77000.0,74390.95,77000.0,74390.95,2609.05,0.03388376623376624,0.0,0.0,0.0,,,,,,original_currency_only
room_a,CRC,2024-06-15,2024-06-16,2024-05-20,2024-06-17,2024.0,2024,6,24,5,Saturday,weekend,1.0,26.0,15-30,69000.0,66660.9,69000.0,66660.9,2339.1,0.0339,0.0,0.0,0.0,,,,,,original_currency_only
room_b,CRC,2024-06-15,2024-06-16,2024-06-03,2024-06-17,2024.0,2024,6,24,5,Saturday,weekend,1.0,12.0,8-14,77000.0,74389.7,77000.0,74389.7,2610.3,0.0339,0.0,0.0,0.0,,,,,,original_currency_only
room_a,CRC,2024-06-29,2024-06-30,2024-06-04,2024-07-01,2024.0,2024,6,26,5,Saturday,weekend,1.0,25.0,15-30,69000.0,66662.42,69000.0,66662.42,2337.58,0.033877971014492754,0.0,0.0,0.0,,,,,,original_currency_only
room_b,CRC,2024-06-29,2024-06-30,2024-06-21,2024-07-01,2024.0,2024,6,26,5,Saturday,weekend,1.0,8.0,8-14,77000.0,74391.72,77000.0,74391.72,2608.28,0.033873766233766235,0.0,0.0,0.0,,,,,,original_currency_only
room_a,CRC,2024-07-07,2024-07-08,2024-06-13,2024-07-09,2024.0,2024,7,27,6,Sunday,weekend,1.0,24.0,15-30,69000.0,66660.9,69000.0,66660.9,2339.1,0.0339,0.0,0.0,0.0,,,,,,original_currency_only
room_b,CRC,2024-07-11,2024-07-12,2024-06-09,2024-07-15,2024.0,2024,7,28,3,Thursday,weekday,1.0,32.0,31+,77000.0,74391.53,77000.0,74391.53,2608.47,0.03387623376623376,0.0,0.0,0.0,,,,,,original_currency_only
room_a,CRC,2024-07-12,2024-07-13,2024-05-27,2024-07-15,2024.0,2024,7,28,4,Friday,weekend,1.0,46.0,31+,69000.0,66661.03,69000.0,66661.03,2338.97,0.03389811594202898,0.0,0.0,0.0,,,,,,original_currency_only
room_a,CRC,2024-07-13,2024-07-14,2024-06-05,2024-07-15,2024.0,2024,7,28,5,Saturday,weekend,1.0,38.0,31+,69000.0,66660.9,69000.0,66660.9,2339.1,0.0339,0.0,0.0,0.0,,,,,,original_currency_only
room_b,CRC,2024-07-15,2024-07-16,2024-05-31,2024-07-17,2024.0,2024,7,29,0,Monday,weekday,1.0,45.0,31+,77000.0,74392.07,77000.0,74392.07,2607.93,0.03386922077922078,0.0,0.0,0.0,,,,,,original_currency_only
room_b,CRC,2024-07-26,2024-07-27,2024-07-13,2024-07-29,2024.0,2024,7,30,4,Friday,weekend,1.0,13.0,8-14,77000.0,74391.17,77000.0,74391.17,2608.83,0.03388090909090909,0.0,0.0,0.0,,,,,,original_currency_only
room_b,CRC,2024-07-27,2024-07-28,2024-06-15,2024-07-29,2024.0,2024,7,30,5,Saturday,weekend,1.0,42.0,31+,77000.0,74389.7,77000.0,74389.7,2610.3,0.0339,0.0,0.0,0.0,,,,,,original_currency_only
room_a,CRC,2024-08-01,2024-08-02,2024-07-28,2024-08-05,2024.0,2024,8,31,3,Thursday,weekday,1.0,4.0,4-7,69000.0,66660.9,69000.0,66660.9,2339.1,0.0339,0.0,0.0,0.0,,,,,,original_currency_only
room_b,CRC,2024-08-01,2024-08-02,2024-07-31,2024-08-05,2024.0,2024,8,31,3,Thursday,weekday,1.0,1.0,0-3,77000.0,74389.7,77000.0,74389.7,2610.3,0.0339,0.0,0.0,0.0,,,,,,original_currency_only
room_a,CRC,2024-08-02,2024-08-03,2024-07-27,2024-08-05,2024.0,2024,8,31,4,Friday,weekend,1.0,6.0,4-7,69000.0,66661.37,69000.0,66661.37,2338.63,0.0338931884057971,0.0,0.0,0.0,,,,,,original_currency_only
room_b,CRC,2024-08-02,2024-08-04,2024-07-15,2024-08-05,2024.0,2024,8,31,4,Friday,weekend,2.0,18.0,15-30,154000.0,148779.4,77000.0,74389.7,5220.6,0.0339,0.0,0.0,0.0,,,,,,original_currency_only
room_a,CRC,2024-08-03,2024-08-04,2024-07-28,2024-08-05,2024.0,2024,8,31,5,Saturday,weekend,1.0,6.0,4-7,69000.0,66660.9,69000.0,66660.9,2339.1,0.0339,0.0,0.0,0.0,,,,,,original_currency_only
room_b,CRC,2024-08-04,2024-08-05,2024-07-12,2024-08-09,2024.0,2024,8,31,6,Sunday,weekend,1.0,23.0,15-30,77000.0,74389.76,77000.0,74389.76,2610.24,0.03389922077922078,0.0,0.0,0.0,,,,,,original_currency_only
room_a,CRC,2024-08-07,2024-08-08,2024-07-14,2024-08-09,2024.0,2024,8,32,2,Wednesday,weekday,1.0,24.0,15-30,69000.0,66661.19,69000.0,66661.19,2338.81,0.03389579710144928,0.0,0.0,0.0,,,,,,original_currency_only
room_b,CRC,2024-08-08,2024-08-09,2024-07-29,2024-08-12,2024.0,2024,8,32,3,Thursday,weekday,1.0,10.0,8-14,77000.0,74387.7,77000.0,74387.7,2612.3,0.033925974025974026,0.0,0.0,0.0,,,,,,original_currency_only
room_a,CRC,2024-08-09,2024-08-10,2024-08-08,2024-08-12,2024.0,2024,8,32,4,Friday,weekend,1.0,1.0,0-3,69000.0,66663.07,69000.0,66663.07,2336.93,0.03386855072463768,0.0,0.0,0.0,,,,,,original_currency_only
room_b,CRC,2024-08-09,2024-08-10,2024-07-09,2024-08-12,2024.0,2024,8,32,4,Friday,weekend,1.0,31.0,31+,77000.0,74389.7,77000.0,74389.7,2610.3,0.0339,0.0,0.0,0.0,,,,,,original_currency_only
room_b,CRC,2024-08-10,2024-08-11,2024-07-25,2024-08-12,2024.0,2024,8,32,5,Saturday,weekend,1.0,16.0,15-30,77000.0,74389.7,77000.0,74389.7,2610.3,0.0339,0.0,0.0,0.0,,,,,,original_currency_only
room_b,CRC,2024-08-16,2024-08-17,2024-07-21,2024-08-19,2024.0,2024,8,33,4,Friday,weekend,1.0,26.0,15-30,77000.0,74391.81,77000.0,74391.81,2608.19,0.033872597402597404,0.0,0.0,0.0,,,,,,original_currency_only
room_a,CRC,2024-08-17,2024-08-18,2024-08-01,2024-08-19,2024.0,2024,8,33,5,Saturday,weekend,1.0,16.0,15-30,69000.0,66660.9,69000.0,66660.9,2339.1,0.0339,0.0,0.0,0.0,,,,,,original_currency_only
room_b,CRC,2024-08-17,2024-08-18,2024-08-01,2024-08-19,2024.0,2024,8,33,5,Saturday,weekend,1.0,16.0,15-30,77000.0,74392.16,77000.0,74392.16,2607.84,0.03386805194805195,0.0,0.0,0.0,,,,,,original_currency_only
room_a,CRC,2024-08-24,2024-08-25,2024-08-06,2024-08-26,2024.0,2024,8,34,5,Saturday,weekend,1.0,18.0,15-30,69000.0,66662.95,69000.0,66662.95,2337.05,0.03387028985507247,0.0,0.0,0.0,,,,,,original_currency_only
room_b,CRC,2024-08-24,2024-08-25,2024-08-07,2024-08-26,2024.0,2024,8,34,5,Saturday,weekend,1.0,17.0,15-30,77000.0,74389.7,77000.0,74389.7,2610.3,0.0339,0.0,0.0,0.0,,,,,,original_currency_only
room_a,CRC,2024-09-07,2024-09-08,2024-08-19,2024-09-09,2024.0,2024,9,36,5,Saturday,weekend,1.0,19.0,15-30,69000.0,66660.9,69000.0,66660.9,2339.1,0.0339,0.0,0.0,0.0,,,,,,original_currency_only
room_a,CRC,2024-09-14,2024-09-15,2024-08-20,2024-09-16,2024.0,2024,9,37,5,Saturday,weekend,1.0,25.0,15-30,69000.0,66660.9,69000.0,66660.9,2339.1,0.0339,0.0,0.0,0.0,,,,,,original_currency_only
room_b,CRC,2024-09-14,2024-09-15,2024-08-27,2024-09-16,2024.0,2024,9,37,5,Saturday,weekend,1.0,18.0,15-30,77000.0,74390.85,77000.0,74390.85,2609.15,0.033885064935064935,0.0,0.0,0.0,,,,,,original_currency_only
room_b,CRC,2024-09-20,2024-09-21,2024-09-19,2024-09-23,2024.0,2024,9,38,4,Friday,weekend,1.0,1.0,0-3,77000.0,74389.7,77000.0,74389.7,2610.3,0.0339,0.0,0.0,0.0,,,,,,original_currency_only
room_a,CRC,2024-09-21,2024-09-22,2024-09-03,2024-09-23,2024.0,2024,9,38,5,Saturday,weekend,1.0,18.0,15-30,69000.0,66660.9,69000.0,66660.9,2339.1,0.0339,0.0,0.0,0.0,,,,,,original_currency_only
room_b,CRC,2024-09-21,2024-09-22,2024-09-01,2024-09-23,2024.0,2024,9,38,5,Saturday,weekend,1.0,20.0,15-30,77000.0,74389.7,77000.0,74389.7,2610.3,0.0339,0.0,0.0,0.0,,,,,,original_currency_only
room_b,CRC,2024-09-28,2024-09-29,2024-09-24,2024-09-30,2024.0,2024,9,39,5,Saturday,weekend,1.0,4.0,4-7,77000.0,74389.7,77000.0,74389.7,2610.3,0.0339,0.0,0.0,0.0,,,,,,original_currency_only
room_a,CRC,2024-10-12,2024-10-13,2024-10-02,2024-10-14,2024.0,2024,10,41,5,Saturday,weekend,1.0,10.0,8-14,69000.0,66660.9,69000.0,66660.9,2339.1,0.0339,0.0,0.0,0.0,,,,,,original_currency_only
room_b,CRC,2024-10-12,2024-10-13,2024-09-19,2024-10-14,2024.0,2024,10,41,5,Saturday,weekend,1.0,23.0,15-30,77000.0,74389.59,77000.0,74389.59,2610.41,0.03390142857142857,0.0,0.0,0.0,,,,,,original_currency_only
room_b,CRC,2024-10-19,2024-10-20,2024-09-21,2024-10-21,2024.0,2024,10,42,5,Saturday,weekend,1.0,28.0,15-30,77000.0,74389.7,77000.0,74389.7,2610.3,0.0339,0.0,0.0,0.0,,,,,,original_currency_only
room_a,CRC,2024-10-25,2024-10-26,2024-08-19,2024-10-28,2024.0,2024,10,43,4,Friday,weekend,1.0,67.0,31+,69000.0,66660.02,69000.0,66660.02,2339.98,0.03391275362318841,0.0,0.0,0.0,,,,,,original_currency_only
room_a,CRC,2024-10-26,2024-10-27,2024-10-07,2024-10-28,2024.0,2024,10,43,5,Saturday,weekend,1.0,19.0,15-30,69000.0,66659.53,69000.0,66659.53,2340.47,0.03391985507246376,0.0,0.0,0.0,,,,,,original_currency_only
room_b,CRC,2024-10-26,2024-10-27,2024-09-11,2024-10-28,2024.0,2024,10,43,5,Saturday,weekend,1.0,45.0,31+,77000.0,74388.66,77000.0,74388.66,2611.34,0.033913506493506496,0.0,0.0,0.0,,,,,,original_currency_only
room_b,CRC,2024-11-01,2024-11-02,2024-10-29,2024-11-04,2024.0,2024,11,44,4,Friday,weekend,1.0,3.0,0-3,77000.0,74391.84,77000.0,74391.84,2608.16,0.03387220779220779,0.0,0.0,0.0,,,,,,original_currency_only
room_a,CRC,2024-11-02,2024-11-03,2024-10-28,2024-11-04,2024.0,2024,11,44,5,Saturday,weekend,1.0,5.0,4-7,69000.0,66660.9,69000.0,66660.9,2339.1,0.0339,0.0,0.0,0.0,,,,,,original_currency_only
room_b,CRC,2024-11-02,2024-11-03,2024-10-17,2024-11-04,2024.0,2024,11,44,5,Saturday,weekend,1.0,16.0,15-30,77000.0,74389.7,77000.0,74389.7,2610.3,0.0339,0.0,0.0,0.0,,,,,,original_currency_only
room_b,CRC,2024-11-03,2024-11-05,2024-10-27,2024-11-05,2024.0,2024,11,44,6,Sunday,weekend,2.0,7.0,4-7,154000.0,148779.16,77000.0,74389.58,5220.84,0.03390155844155844,0.0,0.0,0.0,,,,,,original_currency_only
room_a,CRC,2024-11-08,2024-11-09,2024-11-01,2024-11-11,2024.0,2024,11,45,4,Friday,weekend,1.0,7.0,4-7,69000.0,66660.9,69000.0,66660.9,2339.1,0.0339,0.0,0.0,0.0,,,,,,original_currency_only
room_b,CRC,2024-11-08,2024-11-10,2024-10-31,2024-11-11,2024.0,2024,11,45,4,Friday,weekend,2.0,8.0,8-14,154000.0,148779.4,77000.0,74389.7,5220.6,0.0339,0.0,0.0,0.0,,,,,,original_currency_only
room_b,CRC,2024-11-10,2024-11-11,2024-11-04,2024-11-12,2024.0,2024,11,45,6,Sunday,weekend,1.0,6.0,4-7,77000.0,74388.28,77000.0,74388.28,2611.72,0.03391844155844156,0.0,0.0,0.0,,,,,,original_currency_only
room_a,CRC,2024-11-15,2024-11-17,2024-11-12,2024-11-18,2024.0,2024,11,46,4,Friday,weekend,2.0,3.0,0-3,120000.0,115929.5,60000.0,57964.75,4070.5,0.03392083333333333,0.0,0.0,0.0,,,,,,original_currency_only
room_b,CRC,2024-11-15,2024-11-16,2024-11-10,2024-11-18,2024.0,2024,11,46,4,Friday,weekend,1.0,5.0,4-7,77000.0,74392.14,77000.0,74392.14,2607.86,0.03386831168831169,0.0,0.0,0.0,,,,,,original_currency_only
room_b,CRC,2024-11-16,2024-11-17,2024-11-10,2024-11-18,2024.0,2024,11,46,5,Saturday,weekend,1.0,6.0,4-7,77000.0,74391.91,77000.0,74391.91,2608.09,0.0338712987012987,0.0,0.0,0.0,,,,,,original_currency_only
room_a,CRC,2024-11-17,2024-11-18,2024-11-16,2024-11-19,2024.0,2024,11,46,6,Sunday,weekend,1.0,1.0,0-3,60000.0,57966.0,60000.0,57966.0,2034.0,0.0339,0.0,0.0,0.0,,,,,,original_currency_only
room_a,CRC,2024-11-18,2024-11-19,2024-11-15,2024-11-20,2024.0,2024,11,47,0,Monday,weekday,1.0,3.0,0-3,60000.0,57966.0,60000.0,57966.0,2034.0,0.0339,0.0,0.0,0.0,,,,,,original_currency_only
room_a,CRC,2024-11-21,2024-11-22,2024-11-18,2024-11-25,2024.0,2024,11,47,3,Thursday,weekday,1.0,3.0,0-3,60000.0,57966.0,60000.0,57966.0,2034.0,0.0339,0.0,0.0,0.0,,,,,,original_currency_only
room_b,CRC,2024-11-22,2024-11-23,2024-11-18,2024-11-25,2024.0,2024,11,47,4,Friday,weekend,1.0,4.0,4-7,77000.0,74389.7,77000.0,74389.7,2610.3,0.0339,0.0,0.0,0.0,,,,,,original_currency_only
room_a,CRC,2024-11-23,2024-11-24,2024-11-13,2024-11-25,2024.0,2024,11,47,5,Saturday,weekend,1.0,10.0,8-14,60000.0,57964.53,60000.0,57964.53,2035.47,0.0339245,0.0,0.0,0.0,,,,,,original_currency_only
room_b,CRC,2024-11-23,2024-11-24,2024-11-11,2024-11-25,2024.0,2024,11,47,5,Saturday,weekend,1.0,12.0,8-14,77000.0,74392.14,77000.0,74392.14,2607.86,0.03386831168831169,0.0,0.0,0.0,,,,,,original_currency_only
room_a,CRC,2024-11-24,2024-11-25,2024-11-16,2024-11-26,2024.0,2024,11,47,6,Sunday,weekend,1.0,8.0,8-14,60000.0,57966.0,60000.0,57966.0,2034.0,0.0339,0.0,0.0,0.0,,,,,,original_currency_only
room_a,CRC,2024-11-27,2024-11-28,2024-11-20,2024-11-29,2024.0,2024,11,48,2,Wednesday,weekday,1.0,7.0,4-7,60000.0,57966.0,60000.0,57966.0,2034.0,0.0339,0.0,0.0,0.0,,,,,,original_currency_only
room_b,CRC,2024-11-29,2024-11-30,2024-10-13,2024-12-02,2024.0,2024,11,48,4,Friday,weekend,1.0,47.0,31+,77000.0,74390.2,77000.0,74390.2,2609.8,0.033893506493506496,0.0,0.0,0.0,,,,,,original_currency_only
room_a,CRC,2024-11-30,2024-12-01,2024-11-12,2024-12-02,2024.0,2024,11,48,5,Saturday,weekend,1.0,18.0,15-30,60000.0,57963.95,60000.0,57963.95,2036.05,0.03393416666666667,0.0,0.0,0.0,,,,,,original_currency_only
room_b,CRC,2024-11-30,2024-12-01,2024-10-29,2024-12-02,2024.0,2024,11,48,5,Saturday,weekend,1.0,32.0,31+,77000.0,74392.14,77000.0,74392.14,2607.86,0.03386831168831169,0.0,0.0,0.0,,,,,,original_currency_only
room_a,CRC,2024-12-01,2024-12-02,2024-11-25,2024-12-03,2024.0,2024,12,48,6,Sunday,weekend,1.0,6.0,4-7,70000.0,67629.52,70000.0,67629.52,2370.48,0.033864,0.0,0.0,0.0,,,,,,original_currency_only
room_a,CRC,2024-12-02,2024-12-03,2024-12-01,2024-12-04,2024.0,2024,12,49,0,Monday,weekday,1.0,1.0,0-3,60000.0,57966.0,60000.0,57966.0,2034.0,0.0339,0.0,0.0,0.0,,,,,,original_currency_only
room_a,CRC,2024-12-05,2024-12-06,2024-12-01,2024-12-09,2024.0,2024,12,49,3,Thursday,weekday,1.0,4.0,4-7,60000.0,57966.0,60000.0,57966.0,2034.0,0.0339,0.0,0.0,0.0,,,,,,original_currency_only
room_a,CRC,2024-12-06,2024-12-07,2024-12-01,2024-12-09,2024.0,2024,12,49,4,Friday,weekend,1.0,5.0,4-7,70000.0,67627.0,70000.0,67627.0,2373.0,0.0339,0.0,0.0,0.0,,,,,,original_currency_only
room_b,CRC,2024-12-06,2024-12-07,2024-11-26,2024-12-09,2024.0,2024,12,49,4,Friday,weekend,1.0,10.0,8-14,85000.0,82118.5,85000.0,82118.5,2881.5,0.0339,0.0,0.0,0.0,,,,,,original_currency_only
room_a,CRC,2024-12-07,2024-12-08,2024-11-15,2024-12-09,2024.0,2024,12,49,5,Saturday,weekend,1.0,22.0,15-30,60000.0,57966.0,60000.0,57966.0,2034.0,0.0339,0.0,0.0,0.0,,,,,,original_currency_only
room_b,CRC,2024-12-07,2024-12-08,2024-10-22,2024-12-09,2024.0,2024,12,49,5,Saturday,weekend,1.0,46.0,31+,85000.0,82118.5,85000.0,82118.5,2881.5,0.0339,0.0,0.0,0.0,,,,,,original_currency_only
room_a,CRC,2024-12-08,2024-12-09,2024-11-22,2024-12-10,2024.0,2024,12,49,6,Sunday,weekend,1.0,16.0,15-30,60000.0,57965.81,60000.0,57965.81,2034.19,0.033903166666666665,0.0,0.0,0.0,,,,,,original_currency_only
room_a,CRC,2024-12-13,2024-12-14,2024-12-03,2024-12-16,2024.0,2024,12,50,4,Friday,weekend,1.0,10.0,8-14,70000.0,67625.74,70000.0,67625.74,2374.26,0.033918000000000004,0.0,0.0,0.0,,,,,,original_currency_only
room_b,CRC,2024-12-13,2024-12-15,2024-10-29,2024-12-16,2024.0,2024,12,50,4,Friday,weekend,2.0,45.0,31+,170000.0,164237.52,85000.0,82118.76,5762.48,0.03389694117647059,0.0,0.0,0.0,,,,,,original_currency_only
room_a,CRC,2024-12-14,2024-12-15,2024-11-14,2024-12-16,2024.0,2024,12,50,5,Saturday,weekend,1.0,30.0,15-30,60000.0,57966.0,60000.0,57966.0,2034.0,0.0339,0.0,0.0,0.0,,,,,,original_currency_only
room_a,CRC,2024-12-15,2024-12-16,2024-12-14,2024-12-17,2024.0,2024,12,50,6,Sunday,weekend,1.0,1.0,0-3,60000.0,57966.0,60000.0,57966.0,2034.0,0.0339,0.0,0.0,0.0,,,,,,original_currency_only
room_b,CRC,2024-12-15,2024-12-16,2024-11-03,2024-12-17,2024.0,2024,12,50,6,Sunday,weekend,1.0,42.0,31+,85000.0,82121.04,85000.0,82121.04,2878.96,0.03387011764705882,0.0,0.0,0.0,,,,,,original_currency_only
room_a,CRC,2024-12-16,2024-12-17,2024-12-05,2024-12-18,2024.0,2024,12,51,0,Monday,weekday,1.0,11.0,8-14,60000.0,57966.0,60000.0,57966.0,2034.0,0.0339,0.0,0.0,0.0,,,,,,original_currency_only
room_a,CRC,2024-12-17,2024-12-18,2024-12-11,2024-12-19,2024.0,2024,12,51,1,Tuesday,weekday,1.0,6.0,4-7,60000.0,57966.84,60000.0,57966.84,2033.16,0.033886,0.0,0.0,0.0,,,,,,original_currency_only
room_a,CRC,2024-12-19,2024-12-20,2024-12-06,2024-12-23,2024.0,2024,12,51,3,Thursday,weekday,1.0,13.0,8-14,60000.0,57966.0,60000.0,57966.0,2034.0,0.0339,0.0,0.0,0.0,,,,,,original_currency_only
room_b,CRC,2024-12-20,2024-12-21,2024-12-07,2024-12-23,2024.0,2024,12,51,4,Friday,weekend,1.0,13.0,8-14,80000.0,77290.55,80000.0,77290.55,2709.45,0.033868125,0.0,0.0,0.0,,,,,,original_currency_only
room_a,CRC,2024-12-21,2024-12-22,2024-12-16,2024-12-23,2024.0,2024,12,51,5,Saturday,weekend,1.0,5.0,4-7,70000.0,67627.0,70000.0,67627.0,2373.0,0.0339,0.0,0.0,0.0,,,,,,original_currency_only
room_b,CRC,2024-12-21,2024-12-22,2024-12-09,2024-12-23,2024.0,2024,12,51,5,Saturday,weekend,1.0,12.0,8-14,80000.0,77290.36,80000.0,77290.36,2709.64,0.0338705,0.0,0.0,0.0,,,,,,original_currency_only
room_a,CRC,2024-12-22,2024-12-24,2024-11-18,2024-12-24,2024.0,2024,12,51,6,Sunday,weekend,2.0,34.0,31+,160000.0,154577.22,80000.0,77288.61,5422.78,0.033892374999999995,0.0,0.0,0.0,,,,,,original_currency_only
room_b,CRC,2024-12-22,2024-12-23,2024-12-11,2024-12-24,2024.0,2024,12,51,6,Sunday,weekend,1.0,11.0,8-14,70000.0,67627.0,70000.0,67627.0,2373.0,0.0339,0.0,0.0,0.0,,,,,,original_currency_only
room_a,CRC,2024-12-28,2024-12-29,2024-12-10,2024-12-30,2024.0,2024,12,52,5,Saturday,weekend,1.0,18.0,15-30,70000.0,67626.29,70000.0,67626.29,2373.71,0.03391014285714286,0.0,0.0,0.0,,,,,,original_currency_only
room_b,CRC,2024-12-28,2024-12-29,2024-12-04,2024-12-30,2024.0,2024,12,52,5,Saturday,weekend,1.0,24.0,15-30,80000.0,77290.1,80000.0,77290.1,2709.9,0.03387375,0.0,0.0,0.0,,,,,,original_currency_only
room_a,CRC,2024-12-29,2024-12-30,2024-12-14,2024-12-31,2024.0,2024,12,52,6,Sunday,weekend,1.0,15.0,15-30,60000.0,57968.2,60000.0,57968.2,2031.8,0.033863333333333336,0.0,0.0,0.0,,,,,,original_currency_only
room_b,CRC,2025-01-02,2025-01-03,2024-11-29,2025-01-06,2025.0,2025,1,1,3,Thursday,weekday,1.0,34.0,31+,75000.0,72459.34,75000.0,72459.34,2540.66,0.033875466666666666,0.0,0.0,0.0,,,,,,original_currency_only
room_a,CRC,2025-01-03,2025-01-04,2024-12-27,2025-01-06,2025.0,2025,1,1,4,Friday,weekend,1.0,7.0,4-7,70000.0,67627.0,70000.0,67627.0,2373.0,0.0339,0.0,0.0,0.0,,,,,,original_currency_only
room_b,CRC,2025-01-03,2025-01-04,2024-12-29,2025-01-06,2025.0,2025,1,1,4,Friday,weekend,1.0,5.0,4-7,80000.0,77287.34,80000.0,77287.34,2712.66,0.03390825,0.0,0.0,0.0,,,,,,original_currency_only
room_a,CRC,2025-01-04,2025-01-05,2024-12-15,2025-01-06,2025.0,2025,1,1,5,Saturday,weekend,1.0,20.0,15-30,70000.0,67627.59,70000.0,67627.59,2372.41,0.033891571428571424,0.0,0.0,0.0,,,,,,original_currency_only
room_b,CRC,2025-01-04,2025-01-05,2024-12-24,2025-01-06,2025.0,2025,1,1,5,Saturday,weekend,1.0,11.0,8-14,80000.0,77288.0,80000.0,77288.0,2712.0,0.0339,0.0,0.0,0.0,,,,,,original_currency_only
room_a,CRC,2025-01-05,2025-01-06,2025-01-04,2025-01-07,2025.0,2025,1,1,6,Sunday,weekend,1.0,1.0,0-3,60000.0,57968.14,60000.0,57968.14,2031.86,0.03386433333333333,0.0,0.0,0.0,,,,,,original_currency_only
room_b,CRC,2025-01-05,2025-01-06,2025-01-02,2025-01-07,2025.0,2025,1,1,6,Sunday,weekend,1.0,3.0,0-3,70000.0,67625.54,70000.0,67625.54,2374.46,0.03392085714285714,0.0,0.0,0.0,,,,,,original_currency_only
room_a,CRC,2025-01-17,2025-01-18,2025-01-01,2025-01-20,2025.0,2025,1,3,4,Friday,weekend,1.0,16.0,15-30,70000.0,67627.0,70000.0,67627.0,2373.0,0.0339,0.0,0.0,0.0,,,,,,original_currency_only
room_a,CRC,2025-01-18,2025-01-19,2025-01-02,2025-01-20,2025.0,2025,1,3,5,Saturday,weekend,1.0,16.0,15-30,70000.0,67627.0,70000.0,67627.0,2373.0,0.0339,0.0,0.0,0.0,,,,,,original_currency_only
room_b,CRC,2025-01-18,2025-01-19,2025-01-07,2025-01-20,2025.0,2025,1,3,5,Saturday,weekend,1.0,11.0,8-14,80000.0,77288.0,80000.0,77288.0,2712.0,0.0339,0.0,0.0,0.0,,,,,,original_currency_only
room_a,CRC,2025-01-19,2025-01-20,2025-01-15,2025-01-21,2025.0,2025,1,3,6,Sunday,weekend,1.0,4.0,4-7,60000.0,57966.0,60000.0,57966.0,2034.0,0.0339,0.0,0.0,0.0,,,,,,original_currency_only
room_a,CRC,2025-01-24,2025-01-25,2025-01-04,2025-01-27,2025.0,2025,1,4,4,Friday,weekend,1.0,20.0,15-30,70000.0,67629.2,70000.0,67629.2,2370.8,0.03386857142857143,0.0,0.0,0.0,,,,,,original_currency_only
room_b,CRC,2025-01-24,2025-01-25,2025-01-22,2025-01-27,2025.0,2025,1,4,4,Friday,weekend,1.0,2.0,0-3,80000.0,77288.0,80000.0,77288.0,2712.0,0.0339,0.0,0.0,0.0,,,,,,original_currency_only
room_a,CRC,2025-01-25,2025-01-26,2025-01-02,2025-01-27,2025.0,2025,1,4,5,Saturday,weekend,1.0,23.0,15-30,70000.0,67627.0,70000.0,67627.0,2373.0,0.0339,0.0,0.0,0.0,,,,,,original_currency_only
room_a,CRC,2025-01-26,2025-01-27,2024-12-06,2025-01-28,2025.0,2025,1,4,6,Sunday,weekend,1.0,51.0,31+,60000.0,57966.65,60000.0,57966.65,2033.35,0.033889166666666665,0.0,0.0,0.0,,,,,,original_currency_only
room_b,CRC,2025-01-26,2025-01-27,2025-01-14,2025-01-28,2025.0,2025,1,4,6,Sunday,weekend,1.0,12.0,8-14,70000.0,67627.0,70000.0,67627.0,2373.0,0.0339,0.0,0.0,0.0,,,,,,original_currency_only
room_a,CRC,2025-01-30,2025-01-31,2025-01-22,2025-02-03,2025.0,2025,1,5,3,Thursday,weekday,1.0,8.0,8-14,60000.0,57963.79,60000.0,57963.79,2036.21,0.03393683333333333,0.0,0.0,0.0,,,,,,original_currency_only
room_b,CRC,2025-01-30,2025-02-01,2025-01-12,2025-02-03,2025.0,2025,1,5,3,Thursday,weekday,2.0,18.0,15-30,150000.0,144917.24,75000.0,72458.62,5082.76,0.033885066666666665,0.0,0.0,0.0,,,,,,original_currency_only
room_a,CRC,2025-02-01,2025-02-02,2025-01-13,2025-02-03,2025.0,2025,2,5,5,Saturday,weekend,1.0,19.0,15-30,70000.0,67627.0,70000.0,67627.0,2373.0,0.0339,0.0,0.0,0.0,,,,,,original_currency_only
room_b,CRC,2025-02-01,2025-02-02,2025-01-14,2025-02-03,2025.0,2025,2,5,5,Saturday,weekend,1.0,18.0,15-30,80000.0,77288.0,80000.0,77288.0,2712.0,0.0339,0.0,0.0,0.0,,,,,,original_currency_only
room_a,CRC,2025-02-02,2025-02-04,2025-01-24,2025-02-04,2025.0,2025,2,5,6,Sunday,weekend,2.0,9.0,8-14,130000.0,125592.19,65000.0,62796.095,4407.81,0.03390623076923077,0.0,0.0,0.0,,,,,,original_currency_only
room_b,CRC,2025-02-02,2025-02-04,2025-01-15,2025-02-04,2025.0,2025,2,5,6,Sunday,weekend,2.0,18.0,15-30,140000.0,135251.54,70000.0,67625.77,4748.46,0.03391757142857143,0.0,0.0,0.0,,,,,,original_currency_only
room_b,CRC,2025-02-05,2025-02-06,2025-01-17,2025-02-07,2025.0,2025,2,6,2,Wednesday,weekday,1.0,19.0,15-30,70000.0,67627.0,70000.0,67627.0,2373.0,0.0339,0.0,0.0,0.0,,,,,,original_currency_only
room_a,CRC,2025-02-07,2025-02-08,2024-06-22,2025-02-10,2025.0,2025,2,6,4,Friday,weekend,1.0,230.0,31+,77000.0,74387.72,77000.0,74387.72,2612.28,0.03392571428571429,0.0,0.0,0.0,,,,,,original_currency_only
room_a,CRC,2025-02-08,2025-02-09,2025-01-21,2025-02-10,2025.0,2025,2,6,5,Saturday,weekend,1.0,18.0,15-30,70000.0,67627.0,70000.0,67627.0,2373.0,0.0339,0.0,0.0,0.0,,,,,,original_currency_only
room_b,CRC,2025-02-08,2025-02-09,2025-01-26,2025-02-10,2025.0,2025,2,6,5,Saturday,weekend,1.0,13.0,8-14,80000.0,77288.0,80000.0,77288.0,2712.0,0.0339,0.0,0.0,0.0,,,,,,original_currency_only
room_a,CRC,2025-02-09,2025-02-10,2025-01-29,2025-02-11,2025.0,2025,2,6,6,Sunday,weekend,1.0,11.0,8-14,60000.0,57966.0,60000.0,57966.0,2034.0,0.0339,0.0,0.0,0.0,,,,,,original_currency_only
room_a,CRC,2025-02-10,2025-02-11,2025-01-14,2025-02-12,2025.0,2025,2,7,0,Monday,weekday,1.0,27.0,15-30,60000.0,57966.0,60000.0,57966.0,2034.0,0.0339,0.0,0.0,0.0,,,,,,original_currency_only
room_b,CRC,2025-02-12,2025-02-14,2024-12-29,2025-02-14,2025.0,2025,2,7,2,Wednesday,weekday,2.0,45.0,31+,140000.0,135254.0,70000.0,67627.0,4746.0,0.0339,0.0,0.0,0.0,,,,,,original_currency_only
room_a,CRC,2025-02-13,2025-02-14,2025-01-28,2025-02-17,2025.0,2025,2,7,3,Thursday,weekday,1.0,16.0,15-30,70000.0,67627.0,70000.0,67627.0,2373.0,0.0339,0.0,0.0,0.0,,,,,,original_currency_only
room_a,CRC,2025-02-14,2025-02-15,2025-01-18,2025-02-17,2025.0,2025,2,7,4,Friday,weekend,1.0,27.0,15-30,100000.0,96610.0,100000.0,96610.0,3390.0,0.0339,0.0,0.0,0.0,,,,,,original_currency_only
room_b,CRC,2025-02-14,2025-02-15,2025-01-16,2025-02-17,2025.0,2025,2,7,4,Friday,weekend,1.0,29.0,15-30,100000.0,96610.0,100000.0,96610.0,3390.0,0.0339,0.0,0.0,0.0,,,,,,original_currency_only
room_a,CRC,2025-02-15,2025-02-16,2025-01-14,2025-02-17,2025.0,2025,2,7,5,Saturday,weekend,1.0,32.0,31+,100000.0,96610.0,100000.0,96610.0,3390.0,0.0339,0.0,0.0,0.0,,,,,,original_currency_only
room_b,CRC,2025-02-15,2025-02-16,2025-01-14,2025-02-17,2025.0,2025,2,7,5,Saturday,weekend,1.0,32.0,31+,100000.0,96610.0,100000.0,96610.0,3390.0,0.0339,0.0,0.0,0.0,,,,,,original_currency_only
room_a,CRC,2025-02-16,2025-02-17,2025-02-09,2025-02-18,2025.0,2025,2,7,6,Sunday,weekend,1.0,7.0,4-7,100000.0,96610.0,100000.0,96610.0,3390.0,0.0339,0.0,0.0,0.0,,,,,,original_currency_only
room_b,CRC,2025-02-16,2025-02-17,2025-01-21,2025-02-18,2025.0,2025,2,7,6,Sunday,weekend,1.0,26.0,15-30,100000.0,96610.0,100000.0,96610.0,3390.0,0.0339,0.0,0.0,0.0,,,,,,original_currency_only
room_b,CRC,2025-02-20,2025-02-21,2025-01-29,2025-02-24,2025.0,2025,2,8,3,Thursday,weekday,1.0,22.0,15-30,70000.0,67627.0,70000.0,67627.0,2373.0,0.0339,0.0,0.0,0.0,,,,,,original_currency_only
room_a,CRC,2025-02-22,2025-02-23,2025-02-13,2025-02-24,2025.0,2025,2,8,5,Saturday,weekend,1.0,9.0,8-14,70000.0,67627.0,70000.0,67627.0,2373.0,0.0339,0.0,0.0,0.0,,,,,,original_currency_only
room_b,CRC,2025-02-22,2025-02-23,2024-11-18,2025-02-24,2025.0,2025,2,8,5,Saturday,weekend,1.0,96.0,31+,80000.0,77288.0,80000.0,77288.0,2712.0,0.0339,0.0,0.0,0.0,,,,,,original_currency_only
room_a,CRC,2025-02-23,2025-02-24,2025-01-07,2025-02-25,2025.0,2025,2,8,6,Sunday,weekend,1.0,47.0,31+,60000.0,57966.15,60000.0,57966.15,2033.85,0.0338975,0.0,0.0,0.0,,,,,,original_currency_only
room_b,CRC,2025-02-27,2025-02-28,2025-01-24,2025-03-03,2025.0,2025,2,9,3,Thursday,weekday,1.0,34.0,31+,70000.0,67627.0,70000.0,67627.0,2373.0,0.0339,0.0,0.0,0.0,,,,,,original_currency_only
room_a,CRC,2025-02-28,2025-03-01,2025-01-06,2025-03-03,2025.0,2025,2,9,4,Friday,weekend,1.0,53.0,31+,80000.0,77288.0,80000.0,77288.0,2712.0,0.0339,0.0,0.0,0.0,,,,,,original_currency_only
room_b,CRC,2025-03-03,2025-03-04,2025-02-06,2025-03-05,2025.0,2025,3,10,0,Monday,weekday,1.0,25.0,15-30,70000.0,67627.0,70000.0,67627.0,2373.0,0.0339,0.0,0.0,0.0,,,,,,original_currency_only
room_b,CRC,2025-03-04,2025-03-05,2025-02-18,2025-03-06,2025.0,2025,3,10,1,Tuesday,weekday,1.0,14.0,8-14,80000.0,77288.0,80000.0,77288.0,2712.0,0.0339,0.0,0.0,0.0,,,,,,original_currency_only
room_a,CRC,2025-03-06,2025-03-07,2025-01-13,2025-03-10,2025.0,2025,3,10,3,Thursday,weekday,1.0,52.0,31+,60000.0,57966.41,60000.0,57966.41,2033.59,0.03389316666666667,0.0,0.0,0.0,,,,,,original_currency_only
room_a,CRC,2025-03-08,2025-03-09,2025-01-22,2025-03-10,2025.0,2025,3,10,5,Saturday,weekend,1.0,45.0,31+,80000.0,77288.4,80000.0,77288.4,2711.6,0.033895,0.0,0.0,0.0,,,,,,original_currency_only
room_b,CRC,2025-03-08,2025-03-09,2025-02-06,2025-03-10,2025.0,2025,3,10,5,Saturday,weekend,1.0,30.0,15-30,80000.0,77290.04,80000.0,77290.04,2709.96,0.0338745,0.0,0.0,0.0,,,,,,original_currency_only
room_b,CRC,2025-03-09,2025-03-10,2025-03-07,2025-03-11,2025.0,2025,3,10,6,Sunday,weekend,1.0,2.0,0-3,80000.0,77288.0,80000.0,77288.0,2712.0,0.0339,0.0,0.0,0.0,,,,,,original_currency_only
room_b,CRC,2025-03-14,2025-03-15,2025-03-10,2025-03-17,2025.0,2025,3,11,4,Friday,weekend,1.0,4.0,4-7,80000.0,77286.14,80000.0,77286.14,2713.86,0.03392325,0.0,0.0,0.0,,,,,,original_currency_only
room_a,CRC,2025-03-15,2025-03-16,2025-03-10,2025-03-17,2025.0,2025,3,11,5,Saturday,weekend,1.0,5.0,4-7,80000.0,77288.0,80000.0,77288.0,2712.0,0.0339,0.0,0.0,0.0,,,,,,original_currency_only
room_b,CRC,2025-03-15,2025-03-16,2025-01-19,2025-03-17,2025.0,2025,3,11,5,Saturday,weekend,1.0,55.0,31+,80000.0,77288.0,80000.0,77288.0,2712.0,0.0339,0.0,0.0,0.0,,,,,,original_currency_only
room_a,CRC,2025-03-21,2025-03-23,2025-03-16,2025-03-24,2025.0,2025,3,12,4,Friday,weekend,2.0,5.0,4-7,200000.0,193218.57,100000.0,96609.285,6781.43,0.033907150000000004,0.0,0.0,0.0,,,,,,original_currency_only
room_b,CRC,2025-03-22,2025-03-23,2025-02-24,2025-03-24,2025.0,2025,3,12,5,Saturday,weekend,1.0,26.0,15-30,100000.0,96610.0,100000.0,96610.0,3390.0,0.0339,0.0,0.0,0.0,,,,,,original_currency_only
room_a,CRC,2025-03-29,2025-03-30,2025-03-20,2025-03-31,2025.0,2025,3,13,5,Saturday,weekend,1.0,9.0,8-14,100000.0,96610.94,100000.0,96610.94,3389.06,0.0338906,0.0,0.0,0.0,,,,,,original_currency_only
room_b,CRC,2025-03-29,2025-03-30,2025-02-01,2025-03-31,2025.0,2025,3,13,5,Saturday,weekend,1.0,56.0,31+,80000.0,77288.0,80000.0,77288.0,2712.0,0.0339,0.0,0.0,0.0,,,,,,original_currency_only
room_b,CRC,2025-04-02,2025-04-03,2024-12-30,2025-04-04,2025.0,2025,4,14,2,Wednesday,weekday,1.0,93.0,31+,70000.0,67626.51,70000.0,67626.51,2373.49,0.033907,0.0,0.0,0.0,,,,,,original_currency_only
room_b,CRC,2025-04-05,2025-04-06,2025-04-01,2025-04-07,2025.0,2025,4,14,5,Saturday,weekend,1.0,4.0,4-7,100000.0,96610.0,100000.0,96610.0,3390.0,0.0339,0.0,0.0,0.0,,,,,,original_currency_only
room_a,CRC,2025-04-11,2025-04-12,2025-04-09,2025-04-14,2025.0,2025,4,15,4,Friday,weekend,1.0,2.0,0-3,100000.0,96610.0,100000.0,96610.0,3390.0,0.0339,0.0,0.0,0.0,,,,,,original_currency_only
room_b,CRC,2025-04-11,2025-04-12,2025-04-10,2025-04-14,2025.0,2025,4,15,4,Friday,weekend,1.0,1.0,0-3,100000.0,96607.71,100000.0,96607.71,3392.29,0.0339229,0.0,0.0,0.0,,,,,,original_currency_only
room_a,CRC,2025-04-12,2025-04-13,2025-04-09,2025-04-14,2025.0,2025,4,15,5,Saturday,weekend,1.0,3.0,0-3,100000.0,96610.71,100000.0,96610.71,3389.29,0.0338929,0.0,0.0,0.0,,,,,,original_currency_only
room_b,CRC,2025-04-12,2025-04-13,2025-04-02,2025-04-14,2025.0,2025,4,15,5,Saturday,weekend,1.0,10.0,8-14,100000.0,96610.0,100000.0,96610.0,3390.0,0.0339,0.0,0.0,0.0,,,,,,original_currency_only
room_b,CRC,2025-04-14,2025-04-15,2025-04-12,2025-04-16,2025.0,2025,4,16,0,Monday,weekday,1.0,2.0,0-3,90000.0,86949.0,90000.0,86949.0,3051.0,0.0339,0.0,0.0,0.0,,,,,,original_currency_only
room_b,CRC,2025-04-16,2025-04-18,2025-03-16,2025-04-21,2025.0,2025,4,16,2,Wednesday,weekday,2.0,31.0,31+,180000.0,173898.0,90000.0,86949.0,6102.0,0.0339,0.0,0.0,0.0,,,,,,original_currency_only
room_a,CRC,2025-04-17,2025-04-18,2025-04-14,2025-04-21,2025.0,2025,4,16,3,Thursday,weekday,1.0,3.0,0-3,100000.0,96610.07,100000.0,96610.07,3389.93,0.0338993,0.0,0.0,0.0,,,,,,original_currency_only
room_a,CRC,2025-04-18,2025-04-19,2025-04-13,2025-04-21,2025.0,2025,4,16,4,Friday,weekend,1.0,5.0,4-7,100000.0,96610.0,100000.0,96610.0,3390.0,0.0339,0.0,0.0,0.0,,,,,,original_currency_only
room_b,CRC,2025-04-18,2025-04-19,2025-04-01,2025-04-21,2025.0,2025,4,16,4,Friday,weekend,1.0,17.0,15-30,100000.0,96610.0,100000.0,96610.0,3390.0,0.0339,0.0,0.0,0.0,,,,,,original_currency_only
room_a,CRC,2025-04-19,2025-04-20,2025-04-05,2025-04-21,2025.0,2025,4,16,5,Saturday,weekend,1.0,14.0,8-14,100000.0,96610.0,100000.0,96610.0,3390.0,0.0339,0.0,0.0,0.0,,,,,,original_currency_only
room_b,CRC,2025-04-19,2025-04-20,2025-04-11,2025-04-21,2025.0,2025,4,16,5,Saturday,weekend,1.0,8.0,8-14,100000.0,96610.0,100000.0,96610.0,3390.0,0.0339,0.0,0.0,0.0,,,,,,original_currency_only
room_b,CRC,2025-04-20,2025-04-21,2025-03-28,2025-04-29,2025.0,2025,4,16,6,Sunday,weekend,1.0,23.0,15-30,100000.0,96608.71,100000.0,96608.71,3391.29,0.0339129,0.0,0.0,0.0,,,,,,original_currency_only
room_b,CRC,2025-04-21,2025-04-22,2025-04-10,2025-04-29,2025.0,2025,4,17,0,Monday,weekday,1.0,11.0,8-14,90000.0,86949.0,90000.0,86949.0,3051.0,0.0339,0.0,0.0,0.0,,,,,,original_currency_only
room_a,CRC,2025-04-22,2025-04-23,2025-04-21,2025-04-29,2025.0,2025,4,17,1,Tuesday,weekday,1.0,1.0,0-3,80000.0,77288.04,80000.0,77288.04,2711.96,0.0338995,0.0,0.0,0.0,,,,,,original_currency_only
room_b,CRC,2025-04-25,2025-04-26,2025-04-11,2025-04-29,2025.0,2025,4,17,4,Friday,weekend,1.0,14.0,8-14,100000.0,96607.71,100000.0,96607.71,3392.29,0.0339229,0.0,0.0,0.0,,,,,,original_currency_only
room_b,CRC,2025-04-26,2025-04-27,2025-04-11,2025-04-29,2025.0,2025,4,17,5,Saturday,weekend,1.0,15.0,15-30,100000.0,96607.71,100000.0,96607.71,3392.29,0.0339229,0.0,0.0,0.0,,,,,,original_currency_only
room_b,CRC,2025-04-27,2025-04-28,2025-04-16,2025-04-29,2025.0,2025,4,17,6,Sunday,weekend,1.0,11.0,8-14,100000.0,96608.64,100000.0,96608.64,3391.36,0.0339136,0.0,0.0,0.0,,,,,,original_currency_only
room_a,CRC,2025-04-30,2025-05-01,2024-12-26,2025-05-12,2025.0,2025,4,18,2,Wednesday,weekday,1.0,125.0,31+,60000.0,57968.63,60000.0,57968.63,2031.37,0.033856166666666666,0.0,0.0,0.0,,,,,,original_currency_only
room_b,CRC,2025-05-01,2025-05-03,2025-04-13,2025-05-12,2025.0,2025,5,18,3,Thursday,weekday,2.0,18.0,15-30,190000.0,183561.37,95000.0,91780.685,6438.63,0.03388752631578947,0.0,0.0,0.0,,,,,,original_currency_only
room_b,CRC,2025-05-07,2025-05-08,2025-05-07,2025-05-12,2025.0,2025,5,19,2,Wednesday,weekday,1.0,0.0,0-3,90000.0,86949.0,90000.0,86949.0,3051.0,0.0339,0.0,0.0,0.0,,,,,,original_currency_only
room_b,CRC,2025-05-08,2025-05-10,2025-05-06,2025-05-12,2025.0,2025,5,19,3,Thursday,weekday,2.0,2.0,0-3,190000.0,183559.0,95000.0,91779.5,6441.0,0.0339,0.0,0.0,0.0,,,,,,original_currency_only
room_a,CRC,2025-05-10,2025-05-11,2025-05-05,2025-05-12,2025.0,2025,5,19,5,Saturday,weekend,1.0,5.0,4-7,100000.0,96610.09,100000.0,96610.09,3389.91,0.0338991,0.0,0.0,0.0,,,,,,original_currency_only
room_b,CRC,2025-05-10,2025-05-11,2025-04-22,2025-05-12,2025.0,2025,5,19,5,Saturday,weekend,1.0,18.0,15-30,100000.0,96610.0,100000.0,96610.0,3390.0,0.0339,0.0,0.0,0.0,,,,,,original_currency_only
room_a,CRC,2025-05-17,2025-05-18,2025-05-08,2025-05-26,2025.0,2025,5,20,5,Saturday,weekend,1.0,9.0,8-14,87000.0,84049.78,87000.0,84049.78,2950.22,0.03391057471264368,0.0,0.0,0.0,,,,,,original_currency_only
room_b,CRC,2025-05-23,2025-05-24,2025-05-02,2025-05-26,2025.0,2025,5,21,4,Friday,weekend,1.0,21.0,15-30,100000.0,96610.46,100000.0,96610.46,3389.54,0.0338954,0.0,0.0,0.0,,,,,,original_currency_only
room_a,CRC,2025-05-24,2025-05-25,2025-05-18,2025-05-26,2025.0,2025,5,21,5,Saturday,weekend,1.0,6.0,4-7,87000.0,84050.7,87000.0,84050.7,2949.3,0.0339,0.0,0.0,0.0,,,,,,original_currency_only
room_b,CRC,2025-05-24,2025-05-25,2025-05-22,2025-05-26,2025.0,2025,5,21,5,Saturday,weekend,1.0,2.0,0-3,85000.0,82119.63,85000.0,82119.63,2880.37,0.03388670588235294,0.0,0.0,0.0,,,,,,original_currency_only
room_a,CRC,2025-05-25,2025-05-27,2025-05-23,2025-06-02,2025.0,2025,5,21,6,Sunday,weekend,2.0,2.0,0-3,120000.0,115932.4,60000.0,57966.2,4067.6,0.033896666666666665,0.0,0.0,0.0,,,,,,original_currency_only
room_a,CRC,2025-05-28,2025-05-29,2025-05-24,2025-06-02,2025.0,2025,5,22,2,Wednesday,weekday,1.0,4.0,4-7,60000.0,57966.0,60000.0,57966.0,2034.0,0.0339,0.0,0.0,0.0,,,,,,original_currency_only
room_a,CRC,2025-05-29,2025-05-30,2025-05-24,2025-06-02,2025.0,2025,5,22,3,Thursday,weekday,1.0,5.0,4-7,60000.0,57966.0,60000.0,57966.0,2034.0,0.0339,0.0,0.0,0.0,,,,,,original_currency_only
room_b,CRC,2025-05-30,2025-05-31,2025-05-29,2025-06-02,2025.0,2025,5,22,4,Friday,weekend,1.0,1.0,0-3,85000.0,82118.5,85000.0,82118.5,2881.5,0.0339,0.0,0.0,0.0,,,,,,original_currency_only
room_a,CRC,2025-05-31,2025-06-01,2025-05-27,2025-06-16,2025.0,2025,5,22,5,Saturday,weekend,1.0,4.0,4-7,70000.0,67627.0,70000.0,67627.0,2373.0,0.0339,0.0,0.0,0.0,,,,,,original_currency_only
room_b,CRC,2025-05-31,2025-06-01,2025-05-27,2025-06-16,2025.0,2025,5,22,5,Saturday,weekend,1.0,4.0,4-7,85000.0,82118.5,85000.0,82118.5,2881.5,0.0339,0.0,0.0,0.0,,,,,,original_currency_only
room_a,CRC,2025-06-07,2025-06-08,2025-05-20,2025-06-16,2025.0,2025,6,23,5,Saturday,weekend,1.0,18.0,15-30,87000.0,84050.7,87000.0,84050.7,2949.3,0.0339,0.0,0.0,0.0,,,,,,original_currency_only
room_b,CRC,2025-06-07,2025-06-08,2025-05-26,2025-06-16,2025.0,2025,6,23,5,Saturday,weekend,1.0,12.0,8-14,85000.0,82119.54,85000.0,82119.54,2880.46,0.03388776470588235,0.0,0.0,0.0,,,,,,original_currency_only
room_a,CRC,2025-06-11,2025-06-12,2025-06-10,2025-06-16,2025.0,2025,6,24,2,Wednesday,weekday,1.0,1.0,0-3,60000.0,57966.0,60000.0,57966.0,2034.0,0.0339,0.0,0.0,0.0,,,,,,original_currency_only
room_a,CRC,2025-06-14,2025-06-15,2025-06-12,2025-06-16,2025.0,2025,6,24,5,Saturday,weekend,1.0,2.0,0-3,70000.0,67627.0,70000.0,67627.0,2373.0,0.0339,0.0,0.0,0.0,,,,,,original_currency_only
room_b,CRC,2025-06-14,2025-06-15,2025-06-09,2025-06-16,2025.0,2025,6,24,5,Saturday,weekend,1.0,5.0,4-7,80000.0,77288.0,80000.0,77288.0,2712.0,0.0339,0.0,0.0,0.0,,,,,,original_currency_only
room_a,CRC,2025-06-16,2025-06-17,2025-06-11,2025-06-30,2025.0,2025,6,25,0,Monday,weekday,1.0,5.0,4-7,60000.0,57966.0,60000.0,57966.0,2034.0,0.0339,0.0,0.0,0.0,,,,,,original_currency_only
room_a,CRC,2025-06-19,2025-06-20,2025-06-14,2025-06-30,2025.0,2025,6,25,3,Thursday,weekday,1.0,5.0,4-7,60000.0,57966.0,60000.0,57966.0,2034.0,0.0339,0.0,0.0,0.0,,,,,,original_currency_only
room_a,CRC,2025-06-20,2025-06-21,2025-06-05,2025-06-30,2025.0,2025,6,25,4,Friday,weekend,1.0,15.0,15-30,70000.0,67627.0,70000.0,67627.0,2373.0,0.0339,0.0,0.0,0.0,,,,,,original_currency_only
room_a,CRC,2025-06-21,2025-06-22,2025-06-16,2025-06-30,2025.0,2025,6,25,5,Saturday,weekend,1.0,5.0,4-7,70000.0,67627.02,70000.0,67627.02,2372.98,0.03389971428571428,0.0,0.0,0.0,,,,,,original_currency_only
room_b,CRC,2025-06-21,2025-06-22,2025-06-18,2025-06-30,2025.0,2025,6,25,5,Saturday,weekend,1.0,3.0,0-3,80000.0,77287.32,80000.0,77287.32,2712.68,0.0339085,0.0,0.0,0.0,,,,,,original_currency_only
room_a,CRC,2025-06-27,2025-06-28,2025-06-04,2025-06-30,2025.0,2025,6,26,4,Friday,weekend,1.0,23.0,15-30,70000.0,67627.0,70000.0,67627.0,2373.0,0.0339,0.0,0.0,0.0,,,,,,original_currency_only
room_a,CRC,2025-06-28,2025-06-29,2025-05-27,2025-06-30,2025.0,2025,6,26,5,Saturday,weekend,1.0,32.0,31+,70000.0,67625.47,70000.0,67625.47,2374.53,0.03392185714285714,0.0,0.0,0.0,,,,,,original_currency_only
room_b,CRC,2025-06-28,2025-06-29,2025-05-31,2025-06-30,2025.0,2025,6,26,5,Saturday,weekend,1.0,28.0,15-30,85000.0,82120.05,85000.0,82120.05,2879.95,0.03388176470588235,0.0,0.0,0.0,,,,,,original_currency_only
room_b,CRC,2025-07-02,2025-07-03,2025-07-01,2025-07-08,2025.0,2025,7,27,2,Wednesday,weekday,1.0,1.0,0-3,60000.0,57966.0,60000.0,57966.0,2034.0,0.0339,0.0,0.0,0.0,,,,,,original_currency_only
room_b,CRC,2025-07-03,2025-07-04,2025-06-30,2025-07-08,2025.0,2025,7,27,3,Thursday,weekday,1.0,3.0,0-3,60000.0,57966.0,60000.0,57966.0,2034.0,0.0339,0.0,0.0,0.0,,,,,,original_currency_only
room_a,CRC,2025-07-04,2025-07-06,2025-06-25,2025-07-08,2025.0,2025,7,27,4,Friday,weekend,2.0,9.0,8-14,140000.0,135253.9,70000.0,67626.95,4746.1,0.03390071428571429,0.0,0.0,0.0,,,,,,original_currency_only
room_b,CRC,2025-07-04,2025-07-05,2025-06-08,2025-07-08,2025.0,2025,7,27,4,Friday,weekend,1.0,26.0,15-30,80000.0,77288.0,80000.0,77288.0,2712.0,0.0339,0.0,0.0,0.0,,,,,,original_currency_only
room_b,CRC,2025-07-05,2025-07-06,2025-06-25,2025-07-08,2025.0,2025,7,27,5,Saturday,weekend,1.0,10.0,8-14,80000.0,77288.0,80000.0,77288.0,2712.0,0.0339,0.0,0.0,0.0,,,,,,original_currency_only
room_a,CRC,2025-07-06,2025-07-07,2025-06-23,2025-07-08,2025.0,2025,7,27,6,Sunday,weekend,1.0,13.0,8-14,60000.0,57967.74,60000.0,57967.74,2032.26,0.033871,0.0,0.0,0.0,,,,,,original_currency_only
room_b,CRC,2025-07-07,2025-07-08,2025-07-01,2025-07-17,2025.0,2025,7,28,0,Monday,weekday,1.0,6.0,4-7,60000.0,57966.0,60000.0,57966.0,2034.0,0.0339,0.0,0.0,0.0,,,,,,original_currency_only
room_a,CRC,2025-07-08,2025-07-09,2025-06-13,2025-07-17,2025.0,2025,7,28,1,Tuesday,weekday,1.0,25.0,15-30,60000.0,57966.0,60000.0,57966.0,2034.0,0.0339,0.0,0.0,0.0,,,,,,original_currency_only
room_b,CRC,2025-07-09,2025-07-11,2025-06-26,2025-07-17,2025.0,2025,7,28,2,Wednesday,weekday,2.0,13.0,8-14,120000.0,115928.73,60000.0,57964.365,4071.27,0.03392725,0.0,0.0,0.0,,,,,,original_currency_only
room_a,CRC,2025-07-11,2025-07-13,2025-06-06,2025-07-17,2025.0,2025,7,28,4,Friday,weekend,2.0,35.0,31+,140000.0,135254.0,70000.0,67627.0,4746.0,0.0339,0.0,0.0,0.0,,,,,,original_currency_only
room_b,CRC,2025-07-12,2025-07-13,2025-06-25,2025-07-17,2025.0,2025,7,28,5,Saturday,weekend,1.0,17.0,15-30,80000.0,77288.0,80000.0,77288.0,2712.0,0.0339,0.0,0.0,0.0,,,,,,original_currency_only
room_a,CRC,2025-07-13,2025-07-14,2025-06-29,2025-07-17,2025.0,2025,7,28,6,Sunday,weekend,1.0,14.0,8-14,60000.0,57967.16,60000.0,57967.16,2032.84,0.03388066666666666,0.0,0.0,0.0,,,,,,original_currency_only
room_b,CRC,2025-07-15,2025-07-16,2025-07-05,2025-07-17,2025.0,2025,7,29,1,Tuesday,weekday,1.0,10.0,8-14,60000.0,57966.0,60000.0,57966.0,2034.0,0.0339,0.0,0.0,0.0,,,,,,original_currency_only
room_b,CRC,2025-07-16,2025-07-17,2025-06-29,2025-07-30,2025.0,2025,7,29,2,Wednesday,weekday,1.0,17.0,15-30,60000.0,57967.93,60000.0,57967.93,2032.07,0.03386783333333333,0.0,0.0,0.0,,,,,,original_currency_only
room_a,CRC,2025-07-18,2025-07-19,2025-06-19,2025-07-30,2025.0,2025,7,29,4,Friday,weekend,1.0,29.0,15-30,70000.0,67627.39,70000.0,67627.39,2372.61,0.033894428571428575,0.0,0.0,0.0,,,,,,original_currency_only
room_b,CRC,2025-07-19,2025-07-20,2025-06-26,2025-07-30,2025.0,2025,7,29,5,Saturday,weekend,1.0,23.0,15-30,80000.0,77286.85,80000.0,77286.85,2713.15,0.033914375000000004,0.0,0.0,0.0,,,,,,original_currency_only
room_b,CRC,2025-07-20,2025-07-21,2025-06-30,2025-07-30,2025.0,2025,7,29,6,Sunday,weekend,1.0,20.0,15-30,70000.0,67627.0,70000.0,67627.0,2373.0,0.0339,0.0,0.0,0.0,,,,,,original_currency_only
room_a,CRC,2025-07-24,2025-07-25,2025-07-07,2025-07-30,2025.0,2025,7,30,3,Thursday,weekday,1.0,17.0,15-30,60000.0,57967.67,60000.0,57967.67,2032.33,0.03387216666666667,0.0,0.0,0.0,,,,,,original_currency_only
room_b,CRC,2025-07-25,2025-07-26,2025-07-03,2025-07-30,2025.0,2025,7,30,4,Friday,weekend,1.0,22.0,15-30,80000.0,77286.99,80000.0,77286.99,2713.01,0.033912625,0.0,0.0,0.0,,,,,,original_currency_only
room_a,CRC,2025-07-26,2025-07-27,2025-06-19,2025-07-30,2025.0,2025,7,30,5,Saturday,weekend,1.0,37.0,31+,70000.0,67627.0,70000.0,67627.0,2373.0,0.0339,0.0,0.0,0.0,,,,,,original_currency_only
room_b,CRC,2025-07-28,2025-07-30,2025-06-26,2025-07-30,2025.0,2025,7,31,0,Monday,weekday,2.0,32.0,31+,120000.0,115930.96,60000.0,57965.48,4069.04,0.03390866666666666,0.0,0.0,0.0,,,,,,original_currency_only
room_b,CRC,2025-07-31,2025-08-01,2025-06-30,2025-08-08,2025.0,2025,7,31,3,Thursday,weekday,1.0,31.0,31+,60000.0,57967.82,60000.0,57967.82,2032.18,0.033869666666666666,0.0,0.0,0.0,,,,,,original_currency_only
room_b,CRC,2025-08-02,2025-08-03,2025-06-22,2025-08-08,2025.0,2025,8,31,5,Saturday,weekend,1.0,41.0,31+,90000.0,86946.56,90000.0,86946.56,3053.44,0.03392711111111111,0.0,0.0,0.0,,,,,,original_currency_only
room_a,USD,2025-09-13,2025-09-14,2025-09-10,2025-10-13,2025.0,2025,9,37,5,Saturday,weekend,1.0,3.0,0-3,130.0,125.59,130.0,125.59,4.41,0.033923076923076924,0.0,0.0,0.0,,,,,,original_currency_only
room_a,USD,2025-09-25,2025-09-27,2025-09-16,2025-10-13,2025.0,2025,9,39,3,Thursday,weekday,2.0,9.0,8-14,275.0,265.68,137.5,132.84,9.32,0.03389090909090909,20.0,10.0,0.0,,,,,,original_currency_only
room_a,USD,2025-09-27,2025-09-28,2025-09-17,2025-10-13,2025.0,2025,9,39,5,Saturday,weekend,1.0,10.0,8-14,165.0,159.41,165.0,159.41,5.59,0.033878787878787876,20.0,20.0,0.0,,,,,,original_currency_only
room_b,USD,2025-10-03,2025-10-04,2025-09-14,2025-10-13,2025.0,2025,10,40,4,Friday,weekend,1.0,19.0,15-30,180.0,173.9,180.0,173.9,6.1,0.033888888888888885,20.0,20.0,0.0,,,,,,original_currency_only
room_a,USD,2025-10-04,2025-10-05,2025-09-24,2025-10-13,2025.0,2025,10,40,5,Saturday,weekend,1.0,10.0,8-14,165.0,159.41,165.0,159.41,5.59,0.033878787878787876,20.0,20.0,0.0,,,,,,original_currency_only
room_b,USD,2025-10-04,2025-10-05,2025-09-09,2025-10-13,2025.0,2025,10,40,5,Saturday,weekend,1.0,25.0,15-30,165.0,159.41,165.0,159.41,5.59,0.033878787878787876,20.0,20.0,0.0,,,,,,original_currency_only
room_b,USD,2025-10-05,2025-10-06,2025-09-24,2025-10-13,2025.0,2025,10,40,6,Sunday,weekend,1.0,11.0,8-14,165.0,159.41,165.0,159.41,5.59,0.033878787878787876,20.0,20.0,0.0,,,,,,original_currency_only
room_a,USD,2025-10-06,2025-10-07,2025-10-01,2025-10-13,2025.0,2025,10,41,0,Monday,weekday,1.0,5.0,4-7,85.0,82.12,85.0,82.12,2.88,0.03388235294117647,20.0,20.0,0.0,,,,,,original_currency_only
room_b,USD,2025-10-10,2025-10-12,2025-10-10,2025-10-13,2025.0,2025,10,41,4,Friday,weekend,2.0,0.0,0-3,340.0,328.47,170.0,164.235,11.53,0.03391176470588235,20.0,10.0,0.0,,,,,,original_currency_only
room_a,USD,2025-10-12,2025-10-13,2025-10-11,2025-10-31,2025.0,2025,10,41,6,Sunday,weekend,1.0,1.0,0-3,122.0,117.86,122.0,117.86,4.14,0.033934426229508194,20.0,20.0,0.0,,,,,,original_currency_only
room_a,USD,2025-10-15,2025-10-16,2025-09-17,2025-10-31,2025.0,2025,10,42,2,Wednesday,weekday,1.0,28.0,15-30,130.0,125.59,130.0,125.59,4.41,0.033923076923076924,20.0,20.0,0.0,,,,,,original_currency_only
room_a,USD,2025-10-18,2025-10-19,2025-10-05,2025-10-31,2025.0,2025,10,42,5,Saturday,weekend,1.0,13.0,8-14,165.0,159.41,165.0,159.41,5.59,0.033878787878787876,20.0,20.0,0.0,,,,,,original_currency_only
room_b,USD,2025-10-18,2025-10-19,2025-10-04,2025-10-31,2025.0,2025,10,42,5,Saturday,weekend,1.0,14.0,8-14,180.0,173.9,180.0,173.9,6.1,0.033888888888888885,20.0,20.0,0.0,,,,,,original_currency_only
room_a,USD,2025-10-19,2025-10-20,2025-10-16,2025-10-31,2025.0,2025,10,42,6,Sunday,weekend,1.0,3.0,0-3,140.0,135.25,140.0,135.25,4.75,0.033928571428571426,20.0,20.0,0.0,,,,,,original_currency_only
room_b,USD,2025-10-20,2025-10-21,2025-10-20,2025-10-31,2025.0,2025,10,43,0,Monday,weekday,1.0,0.0,0-3,150.0,144.92,150.0,144.92,5.08,0.03386666666666667,20.0,20.0,0.0,,,,,,original_currency_only
room_b,USD,2025-10-25,2025-10-26,2025-10-02,2025-10-31,2025.0,2025,10,43,5,Saturday,weekend,1.0,23.0,15-30,180.0,173.9,180.0,173.9,6.1,0.033888888888888885,20.0,20.0,0.0,,,,,,original_currency_only
room_b,USD,2025-10-29,2025-10-31,2025-10-16,2025-10-31,2025.0,2025,10,44,2,Wednesday,weekday,2.0,13.0,8-14,280.0,270.51,140.0,135.255,9.49,0.03389285714285714,20.0,10.0,0.0,,,,,,original_currency_only
room_a,USD,2025-10-31,2025-11-01,2025-10-30,2025-11-10,2025.0,2025,10,44,4,Friday,weekend,1.0,1.0,0-3,143.25,138.39,143.25,138.39,4.86,0.03392670157068063,20.0,20.0,0.0,,,,,,original_currency_only
room_b,USD,2025-10-31,2025-11-01,2025-10-31,2025-11-10,2025.0,2025,10,44,4,Friday,weekend,1.0,0.0,0-3,180.0,173.9,180.0,173.9,6.1,0.033888888888888885,20.0,20.0,0.0,,,,,,original_currency_only
room_a,USD,2025-11-01,2025-11-02,2025-10-09,2025-11-10,2025.0,2025,11,44,5,Saturday,weekend,1.0,23.0,15-30,180.0,173.9,180.0,173.9,6.1,0.033888888888888885,20.0,20.0,0.0,,,,,,original_currency_only
room_a,USD,2025-11-07,2025-11-08,2025-10-28,2025-11-10,2025.0,2025,11,45,4,Friday,weekend,1.0,10.0,8-14,180.0,173.9,180.0,173.9,6.1,0.033888888888888885,20.0,20.0,0.0,,,,,,original_currency_only
room_b,USD,2025-11-07,2025-11-08,2025-10-28,2025-11-10,2025.0,2025,11,45,4,Friday,weekend,1.0,10.0,8-14,210.0,202.88,210.0,202.88,7.12,0.0339047619047619,20.0,20.0,0.0,,,,,,original_currency_only
room_a,USD,2025-11-08,2025-11-09,2025-10-29,2025-11-10,2025.0,2025,11,45,5,Saturday,weekend,1.0,10.0,8-14,180.0,173.9,180.0,173.9,6.1,0.033888888888888885,20.0,20.0,0.0,,,,,,original_currency_only
room_b,USD,2025-11-08,2025-11-09,2025-11-06,2025-11-10,2025.0,2025,11,45,5,Saturday,weekend,1.0,2.0,0-3,210.0,202.88,210.0,202.88,7.12,0.0339047619047619,20.0,20.0,0.0,,,,,,original_currency_only
room_b,USD,2025-11-09,2025-11-10,2025-11-06,2025-11-17,2025.0,2025,11,45,6,Sunday,weekend,1.0,3.0,0-3,135.0,130.42,135.0,130.42,4.58,0.03392592592592593,20.0,20.0,0.0,,,,,,original_currency_only
room_a,USD,2025-11-12,2025-11-14,2025-11-08,2025-11-17,2025.0,2025,11,46,2,Wednesday,weekday,2.0,4.0,4-7,120.0,115.93,60.0,57.965,4.07,0.03391666666666667,20.0,10.0,0.0,,,,,,original_currency_only
room_b,USD,2025-11-12,2025-11-14,2025-10-14,2025-11-17,2025.0,2025,11,46,2,Wednesday,weekday,2.0,29.0,15-30,280.0,270.51,140.0,135.255,9.49,0.03389285714285714,20.0,10.0,0.0,,,,,,original_currency_only
room_b,USD,2025-11-14,2025-11-16,2025-11-11,2025-11-17,2025.0,2025,11,46,4,Friday,weekend,2.0,3.0,0-3,400.0,386.44,200.0,193.22,13.56,0.0339,20.0,10.0,0.0,,,,,,original_currency_only
room_a,USD,2025-11-15,2025-11-16,2025-11-06,2025-11-17,2025.0,2025,11,46,5,Saturday,weekend,1.0,9.0,8-14,180.0,173.9,180.0,173.9,6.1,0.033888888888888885,20.0,20.0,0.0,,,,,,original_currency_only
room_b,USD,2025-11-16,2025-11-17,2025-11-08,2025-11-24,2025.0,2025,11,46,6,Sunday,weekend,1.0,8.0,8-14,155.0,149.75,155.0,149.75,5.25,0.03387096774193549,20.0,20.0,0.0,,,,,,original_currency_only
room_a,USD,2025-11-20,2025-11-22,2025-11-18,2025-11-24,2025.0,2025,11,47,3,Thursday,weekday,2.0,2.0,0-3,300.0,289.83,150.0,144.915,10.17,0.0339,20.0,10.0,0.0,,,,,,original_currency_only
room_b,USD,2025-11-21,2025-11-22,2025-11-06,2025-11-24,2025.0,2025,11,47,4,Friday,weekend,1.0,15.0,15-30,210.0,202.88,210.0,202.88,7.12,0.0339047619047619,20.0,20.0,0.0,,,,,,original_currency_only
room_a,USD,2025-11-22,2025-11-23,2025-11-12,2025-11-24,2025.0,2025,11,47,5,Saturday,weekend,1.0,10.0,8-14,180.0,173.9,180.0,173.9,6.1,0.033888888888888885,20.0,20.0,0.0,,,,,,original_currency_only
room_b,USD,2025-11-22,2025-11-23,2025-11-17,2025-11-24,2025.0,2025,11,47,5,Saturday,weekend,1.0,5.0,4-7,210.0,202.88,210.0,202.88,7.12,0.0339047619047619,20.0,20.0,0.0,,,,,,original_currency_only
room_b,USD,2025-11-23,2025-11-25,2025-11-21,2025-12-01,2025.0,2025,11,47,6,Sunday,weekend,2.0,2.0,0-3,325.0,313.98,162.5,156.99,11.02,0.033907692307692305,20.0,10.0,0.0,,,,,,original_currency_only
room_b,USD,2025-11-28,2025-11-29,2025-11-16,2025-12-01,2025.0,2025,11,48,4,Friday,weekend,1.0,12.0,8-14,210.0,202.88,210.0,202.88,7.12,0.0339047619047619,20.0,20.0,0.0,,,,,,original_currency_only
room_a,USD,2025-11-29,2025-12-01,2025-11-04,2025-12-01,2025.0,2025,11,48,5,Saturday,weekend,2.0,25.0,15-30,310.0,299.49,155.0,149.745,10.51,0.03390322580645161,20.0,10.0,0.0,,,,,,original_currency_only
room_b,USD,2025-11-29,2025-11-30,2025-11-21,2025-12-01,2025.0,2025,11,48,5,Saturday,weekend,1.0,8.0,8-14,210.0,202.88,210.0,202.88,7.12,0.0339047619047619,20.0,20.0,0.0,,,,,,original_currency_only
room_b,USD,2025-11-30,2025-12-01,2025-11-27,2025-12-10,2025.0,2025,11,48,6,Sunday,weekend,1.0,3.0,0-3,175.0,169.07,175.0,169.07,5.93,0.03388571428571428,20.0,20.0,0.0,,,,,,original_currency_only
room_b,USD,2025-12-02,2025-12-03,2025-11-08,2025-12-10,2025.0,2025,12,49,1,Tuesday,weekday,1.0,24.0,15-30,200.0,193.22,200.0,193.22,6.78,0.0339,20.0,20.0,0.0,,,,,,original_currency_only
room_a,USD,2025-12-05,2025-12-06,2025-12-05,2025-12-10,2025.0,2025,12,49,4,Friday,weekend,1.0,0.0,0-3,182.0,175.83,182.0,175.83,6.17,0.0339010989010989,20.0,20.0,0.0,,,,,,original_currency_only
room_a,USD,2025-12-06,2025-12-07,2025-12-05,2025-12-10,2025.0,2025,12,49,5,Saturday,weekend,1.0,1.0,0-3,181.5,175.34,181.5,175.34,6.16,0.03393939393939394,20.0,20.0,0.0,,,,,,original_currency_only
room_b,USD,2025-12-06,2025-12-07,2025-11-30,2025-12-10,2025.0,2025,12,49,5,Saturday,weekend,1.0,6.0,4-7,220.0,212.54,220.0,212.54,7.46,0.03390909090909091,20.0,20.0,0.0,,,,,,original_currency_only
room_a,USD,2025-12-08,2025-12-10,2025-11-30,2025-12-10,2025.0,2025,12,50,0,Monday,weekday,2.0,8.0,8-14,360.0,347.8,180.0,173.9,12.2,0.033888888888888885,20.0,10.0,0.0,,,,,,original_currency_only
room_b,USD,2025-12-11,2025-12-12,2025-12-08,2025-12-22,2025.0,2025,12,50,3,Thursday,weekday,1.0,3.0,0-3,200.0,193.22,200.0,193.22,6.78,0.0339,20.0,20.0,0.0,,,,,,original_currency_only
room_a,USD,2025-12-13,2025-12-14,2025-10-28,2025-12-22,2025.0,2025,12,50,5,Saturday,weekend,1.0,46.0,31+,210.0,202.88,210.0,202.88,7.12,0.0339047619047619,20.0,20.0,0.0,,,,,,original_currency_only
room_b,USD,2025-12-13,2025-12-15,2025-12-12,2025-12-22,2025.0,2025,12,50,5,Saturday,weekend,2.0,1.0,0-3,410.0,396.1,205.0,198.05,13.9,0.033902439024390246,20.0,10.0,0.0,,,,,,original_currency_only
room_a,USD,2025-12-20,2025-12-21,2025-11-29,2025-12-22,2025.0,2025,12,51,5,Saturday,weekend,1.0,21.0,15-30,220.0,212.54,220.0,212.54,7.46,0.03390909090909091,20.0,20.0,0.0,,,,,,original_currency_only
room_b,USD,2025-12-20,2025-12-21,2025-12-11,2025-12-22,2025.0,2025,12,51,5,Saturday,weekend,1.0,9.0,8-14,220.0,212.54,220.0,212.54,7.46,0.03390909090909091,20.0,20.0,0.0,,,,,,original_currency_only
room_a,USD,2025-12-21,2025-12-22,2025-12-07,2025-12-31,2025.0,2025,12,51,6,Sunday,weekend,1.0,14.0,8-14,200.0,193.22,200.0,193.22,6.78,0.0339,20.0,20.0,0.0,,,,,,original_currency_only
room_b,USD,2025-12-21,2025-12-22,2025-12-13,2025-12-31,2025.0,2025,12,51,6,Sunday,weekend,1.0,8.0,8-14,200.0,193.22,200.0,193.22,6.78,0.0339,20.0,20.0,0.0,,,,,,original_currency_only
room_a,USD,2025-12-26,2025-12-27,2025-12-23,2025-12-31,2025.0,2025,12,52,4,Friday,weekend,1.0,3.0,0-3,220.0,212.54,220.0,212.54,7.46,0.03390909090909091,20.0,20.0,0.0,,,,,,original_currency_only
room_b,USD,2025-12-26,2025-12-27,2025-12-17,2025-12-31,2025.0,2025,12,52,4,Friday,weekend,1.0,9.0,8-14,220.0,212.54,220.0,212.54,7.46,0.03390909090909091,20.0,20.0,0.0,,,,,,original_currency_only
room_b,USD,2025-12-27,2025-12-28,2025-12-14,2025-12-31,2025.0,2025,12,52,5,Saturday,weekend,1.0,13.0,8-14,220.0,212.54,220.0,212.54,7.46,0.03390909090909091,20.0,20.0,0.0,,,,,,original_currency_only
room_b,USD,2025-12-29,2025-12-30,2025-12-12,2025-12-31,2025.0,2025,12,1,0,Monday,weekday,1.0,17.0,15-30,200.0,193.22,200.0,193.22,6.78,0.0339,20.0,20.0,0.0,,,,,,original_currency_only
room_a,USD,2025-12-30,2025-12-31,2025-12-29,2026-01-05,2026.0,2025,12,1,1,Tuesday,weekday,1.0,1.0,0-3,147.5,142.49,147.5,142.49,5.01,0.033966101694915256,20.0,20.0,0.0,,,,,,original_currency_only
room_b,USD,2025-12-30,2025-12-31,2025-12-02,2026-01-05,2026.0,2025,12,1,1,Tuesday,weekday,1.0,28.0,15-30,220.0,212.54,220.0,212.54,7.46,0.03390909090909091,20.0,20.0,0.0,,,,,,original_currency_only
room_a,USD,2025-12-31,2026-01-01,2025-10-12,2026-01-05,2026.0,2025,12,1,2,Wednesday,weekday,1.0,80.0,31+,210.0,202.88,210.0,202.88,7.12,0.0339047619047619,20.0,20.0,0.0,,,,,,original_currency_only
room_b,USD,2025-12-31,2026-01-01,2025-12-04,2026-01-05,2026.0,2025,12,1,2,Wednesday,weekday,1.0,27.0,15-30,241.0,232.83,241.0,232.83,8.17,0.03390041493775934,20.0,20.0,0.0,,,,,,original_currency_only
room_b,USD,2026-01-01,2026-01-02,2025-12-28,2026-01-05,2026.0,2026,1,1,3,Thursday,weekday,1.0,4.0,4-7,241.0,232.83,241.0,232.83,8.17,0.03390041493775934,20.0,20.0,0.0,,,,,,original_currency_only
room_a,USD,2026-01-09,2026-01-11,2025-12-29,2026-01-19,2026.0,2026,1,2,4,Friday,weekend,2.0,11.0,8-14,370.0,357.46,185.0,178.73,12.54,0.03389189189189189,20.0,10.0,0.0,,,,,,original_currency_only
room_a,USD,2026-01-11,2026-01-12,2026-01-11,2026-01-19,2026.0,2026,1,2,6,Sunday,weekend,1.0,0.0,0-3,130.5,126.07,130.5,126.07,4.43,0.0339463601532567,20.0,20.0,0.0,,,,,,original_currency_only
room_a,USD,2026-01-12,2026-01-13,2026-01-02,2026-01-19,2026.0,2026,1,3,0,Monday,weekday,1.0,10.0,8-14,140.0,135.25,140.0,135.25,4.75,0.033928571428571426,20.0,20.0,0.0,,,,,,original_currency_only
room_a,USD,2026-01-17,2026-01-19,2025-09-25,2026-01-19,2026.0,2026,1,3,5,Saturday,weekend,2.0,114.0,31+,310.0,299.49,155.0,149.745,10.51,0.03390322580645161,20.0,10.0,0.0,,,,,,original_currency_only
room_b,USD,2026-01-17,2026-01-18,2025-12-31,2026-01-19,2026.0,2026,1,3,5,Saturday,weekend,1.0,17.0,15-30,210.0,202.88,210.0,202.88,7.12,0.0339047619047619,20.0,20.0,0.0,,,,,,original_currency_only
room_a,USD,2026-01-20,2026-01-21,2026-01-20,2026-02-02,2026.0,2026,1,4,1,Tuesday,weekday,1.0,0.0,0-3,122.0,117.86,122.0,117.86,4.14,0.033934426229508194,20.0,20.0,0.0,,,,,,original_currency_only
room_b,USD,2026-01-21,2026-01-22,2026-01-16,2026-02-02,2026.0,2026,1,4,2,Wednesday,weekday,1.0,5.0,4-7,170.0,164.24,170.0,164.24,5.76,0.03388235294117647,20.0,20.0,0.0,,,,,,original_currency_only
room_a,USD,2026-01-24,2026-01-25,2026-01-16,2026-02-02,2026.0,2026,1,4,5,Saturday,weekend,1.0,8.0,8-14,180.0,173.9,180.0,173.9,6.1,0.033888888888888885,20.0,20.0,0.0,,,,,,original_currency_only
room_b,USD,2026-01-24,2026-01-25,2026-01-09,2026-02-02,2026.0,2026,1,4,5,Saturday,weekend,1.0,15.0,15-30,210.0,202.88,210.0,202.88,7.12,0.0339047619047619,20.0,20.0,0.0,,,,,,original_currency_only
room_a,USD,2026-01-30,2026-01-31,2026-01-08,2026-02-02,2026.0,2026,1,5,4,Friday,weekend,1.0,22.0,15-30,180.0,173.9,180.0,173.9,6.1,0.033888888888888885,20.0,20.0,0.0,,,,,,original_currency_only
room_b,USD,2026-01-30,2026-01-31,2026-01-18,2026-02-02,2026.0,2026,1,5,4,Friday,weekend,1.0,12.0,8-14,210.0,202.88,210.0,202.88,7.12,0.0339047619047619,20.0,20.0,0.0,,,,,,original_currency_only
